employee_id,department_id,name,job_title,salary,hire_date
1,53,Brittany Perkins,Director,47373,2025-08-15
2,154,Makayla Fisher,Director,149497,2026-02-26
3,199,Rebecca Franklin,Manager,71394,2019-03-04
4,153,Amy Taylor,Manager,77680,2020-01-22
5,12,Steven Shelton,Director,138604,2020-04-02
6,64,Keith Jackson,Analyst,116082,2025-01-29
7,118,Anthony Hopkins,Engineer,115761,2023-07-27
8,158,Monica Clark,Engineer,64464,2016-06-01
9,94,Jorge Burns,Engineer,82039,2017-05-27
10,80,Stephanie Ellison,Manager,54254,2023-08-11
11,72,Kendra Webb,Specialist,76798,2018-04-30
12,197,Bryan Walker,Director,114042,2016-08-29
13,111,Betty Morton,Specialist,92429,2017-10-23
14,170,Annette Herrera,Specialist,45040,2018-06-15
15,42,Ronald Simmons,Manager,86655,2024-03-26
16,102,Gabriella Ray,Engineer,103017,2016-11-13
17,25,Ryan Watkins,Analyst,105611,2021-12-11
18,61,Michelle Martinez,Engineer,118690,2021-12-12
19,108,Tara Wright,Engineer,124645,2020-03-04
20,90,Joseph Smith,Director,134245,2021-08-24
21,35,Christine Lewis,Manager,50679,2016-03-17
22,73,John Wiggins,Engineer,67533,2017-10-17
23,191,John Obrien,Manager,140791,2022-12-11
24,48,Kayla Khan,Manager,49116,2020-02-04
25,39,Austin Mckenzie,Manager,111106,2025-02-15
26,33,Jennifer Burke,Director,131636,2018-04-24
27,78,Sarah Martinez,Manager,95476,2026-03-05
28,106,Stacey Neal,Specialist,116101,2018-09-28
29,9,Edward Lee,Engineer,97532,2018-03-20
30,168,Maria Wallace,Specialist,141813,2026-01-14
31,140,Susan Gibbs,Analyst,57378,2025-01-17
32,167,James White,Analyst,95794,2025-10-06
33,127,Angela Jimenez,Manager,41561,2020-03-27
34,153,Tiffany White,Manager,82604,2018-06-01
35,67,Evan Williams,Specialist,120722,2017-12-11
36,125,Jeremiah Tapia,Engineer,95192,2018-03-07
37,11,Michael Smith,Director,133311,2025-04-21
38,15,Alec Brown,Engineer,104109,2025-07-01
39,3,Mary Smith,Analyst,90086,2016-07-06
40,127,Valerie Davila,Director,73062,2020-01-30
41,60,Juan Robbins,Analyst,97540,2024-08-04
42,73,Heather Morales,Analyst,138209,2024-10-17
43,92,Taylor Ortega,Analyst,60561,2018-11-02
44,10,Sarah Collier,Specialist,61686,2024-02-18
45,99,Chase Pierce,Director,97140,2022-06-22
46,142,Christian Bell,Engineer,126858,2023-09-29
47,52,Matthew Sampson,Engineer,79815,2016-09-13
48,50,Suzanne Lopez,Engineer,142137,2016-08-14
49,82,Kenneth Bennett,Director,106647,2025-09-03
50,137,Alexander Ballard,Engineer,42673,2022-12-25
51,176,Katelyn Johnson,Engineer,78259,2017-01-29
52,196,Sandra Hayes,Manager,104058,2020-12-28
53,11,Kyle Kelley,Director,130615,2016-08-02
54,31,Jennifer Smith,Manager,74693,2017-12-08
55,47,Kevin Hendricks,Specialist,89767,2025-08-02
56,133,April Ponce,Engineer,56835,2024-08-28
57,184,Emily Wagner,Manager,85458,2019-01-09
58,96,Kevin Mcdonald,Analyst,58345,2017-05-27
59,49,Melissa Goodman,Specialist,92385,2016-09-02
60,174,Charles Vang,Analyst,108479,2023-06-03
61,162,Joseph Nicholson,Director,125422,2020-06-12
62,166,Anna Green,Analyst,127717,2018-08-09
63,130,Monica Johnson,Engineer,51012,2018-05-14
64,1,Natalie Jones,Specialist,138873,2019-11-04
65,145,Olivia Nguyen,Director,101665,2023-12-29
66,187,Ryan Miller,Analyst,77358,2019-09-28
67,37,Margaret Baker,Engineer,83550,2016-08-11
68,181,Wanda Barnes,Engineer,75175,2023-07-02
69,55,Kelly Coleman,Analyst,74657,2022-05-13
70,130,Susan Anthony,Specialist,92343,2017-09-08
71,79,Mason Gonzalez,Specialist,93069,2019-09-13
72,166,Larry Rosales,Director,121641,2018-10-07
73,68,Samantha James,Manager,61334,2024-08-08
74,59,Kaylee Flowers,Specialist,90879,2018-01-15
75,58,Alexander Evans,Analyst,121419,2025-02-14
76,55,Nicole Lopez,Specialist,79010,2017-05-08
77,91,Todd Young,Analyst,41972,2017-07-06
78,21,April Wood,Director,82469,2024-07-26
79,160,Joshua Short,Engineer,140776,2025-12-13
80,20,Arthur Phillips,Analyst,41092,2024-01-06
81,185,Derek Riggs,Manager,149031,2021-08-18
82,163,Derek Webb,Specialist,62507,2019-05-02
83,6,Kaitlyn Anderson,Manager,120024,2020-05-23
84,101,Angela Miller,Manager,108450,2025-10-02
85,98,Samantha Bradley,Analyst,78633,2019-12-19
86,82,Michael Hill,Engineer,108839,2020-02-05
87,126,Laura Brown,Specialist,123088,2016-06-03
88,44,Elizabeth White,Engineer,141986,2024-11-30
89,156,Kayla Chavez,Engineer,117406,2021-01-18
90,162,Brittany Baker,Analyst,97534,2018-06-28
91,24,James Wells,Engineer,59426,2023-06-29
92,116,Jessica Porter,Director,80059,2016-06-12
93,93,Stephen Acosta,Director,66795,2024-04-22
94,169,Shannon Boyd,Specialist,125226,2023-12-23
95,41,Angela Anderson MD,Director,102077,2021-08-09
96,191,Amy Whitney,Manager,88300,2021-07-14
97,11,Sherry Patterson,Director,118185,2024-07-09
98,102,Jessica Bennett,Manager,101611,2018-08-02
99,23,Jordan Wilkerson,Manager,142403,2017-04-29
100,68,Brandon Reynolds,Specialist,66850,2021-03-31
101,70,Theresa Watson,Analyst,84234,2021-11-11
102,113,Robert Kaiser,Specialist,70163,2020-07-13
103,78,Jon Oconnell,Director,104507,2022-11-22
104,112,Ashley Jackson,Engineer,68856,2017-04-06
105,25,Michael Tucker,Specialist,64597,2020-09-20
106,101,Rebecca Robinson,Analyst,93015,2021-09-27
107,66,Tyler Harding,Analyst,49886,2018-06-23
108,7,Shawn Bradley,Analyst,106659,2016-10-04
109,193,Catherine Meyers,Analyst,106720,2026-01-26
110,142,Alicia Simpson,Specialist,51700,2023-10-21
111,141,James Banks,Manager,44373,2018-01-05
112,127,Jeremy Flores,Analyst,143375,2023-12-11
113,138,Joy Park,Director,77545,2019-06-09
114,14,Larry Mckee,Engineer,86473,2026-02-22
115,5,Robert Bradford,Manager,44284,2025-08-03
116,70,Carlos Rivera,Engineer,116403,2017-08-31
117,162,Fernando Rice,Manager,130031,2016-07-13
118,126,Rachel Rogers,Analyst,66143,2016-10-20
119,121,Diane Wallace,Engineer,117516,2018-10-25
120,19,Brittany Hall,Engineer,124056,2022-03-27
121,96,Kristen Hancock,Director,63487,2016-10-16
122,60,Susan Macias,Manager,120958,2018-11-22
123,11,Tiffany Peters,Engineer,126332,2022-07-19
124,184,Timothy White,Analyst,136344,2020-06-03
125,192,Melissa Reid,Director,42960,2024-05-06
126,95,Holly Jenkins,Engineer,67216,2020-04-14
127,25,Ryan Peterson,Engineer,81881,2016-10-03
128,18,Alyssa Durham,Engineer,102393,2016-09-02
129,141,Julia Hines,Analyst,132603,2025-01-31
130,20,Brooke Murphy,Engineer,145459,2020-10-15
131,138,Savannah Owens,Engineer,96778,2021-06-21
132,82,John Mayo,Analyst,72689,2016-05-16
133,31,Sydney Lee,Specialist,107082,2023-10-17
134,154,Katherine Ramos,Director,100337,2020-07-06
135,45,Robert White,Engineer,101396,2019-09-07
136,135,Cassandra Mendoza,Director,142804,2020-01-12
137,166,Rebecca Carter,Analyst,41508,2018-09-05
138,138,William Short,Engineer,102268,2019-01-26
139,116,Derrick Church,Director,114427,2023-09-14
140,109,Matthew Steele,Specialist,102492,2016-09-06
141,72,Karen Cole,Specialist,119088,2019-03-20
142,177,Louis Trevino,Engineer,120307,2017-03-23
143,184,Sarah Smith,Specialist,52950,2025-03-10
144,121,Jamie Martinez,Specialist,144266,2023-08-27
145,199,Katelyn Reyes,Analyst,133664,2022-11-18
146,5,Timothy Gordon,Director,147817,2017-03-09
147,189,Tina Graham,Analyst,148928,2024-04-11
148,56,Ashley Brown,Director,125569,2019-08-13
149,71,Stephanie Yates,Analyst,98144,2024-04-10
150,92,Mark Vaughan,Analyst,81206,2017-07-15
151,71,Jane Villanueva,Engineer,108475,2018-12-20
152,142,Hannah Fields,Specialist,148395,2019-05-23
153,49,Christopher Gardner,Manager,142137,2022-01-26
154,100,Juan Bell,Director,149487,2023-09-19
155,14,Rickey Rodriguez,Specialist,57384,2017-01-12
156,68,Hunter Watson,Manager,118999,2018-10-19
157,94,Megan Keller,Specialist,114662,2026-01-07
158,144,Dalton Murphy,Director,102923,2020-02-13
159,81,Charlene Clark,Analyst,48414,2022-03-14
160,26,Paige Pineda,Engineer,47800,2022-06-08
161,29,Carol Silva,Analyst,103014,2021-08-10
162,14,Jacob Ayala,Specialist,82146,2025-02-21
163,28,Jesus Branch,Director,118166,2021-12-12
164,165,Jennifer Bell,Specialist,99549,2017-01-29
165,171,Ruben Molina,Manager,49360,2023-12-20
166,129,Jennifer Burke,Analyst,115788,2023-09-22
167,157,Walter Patterson,Analyst,98508,2020-10-05
168,30,Trevor Hanson,Manager,48588,2025-04-16
169,190,Melissa Delacruz,Manager,51030,2021-01-25
170,84,Jenny Maldonado,Director,127411,2016-08-09
171,125,Pamela Bush,Director,66344,2020-11-12
172,73,Pamela Stewart,Specialist,138588,2019-04-13
173,187,Cody Mcdaniel,Director,122177,2016-10-24
174,38,Nicole Stanley,Analyst,80550,2017-01-19
175,190,Diana Flowers,Analyst,67623,2024-09-08
176,75,Mark Scott,Manager,140147,2023-05-08
177,109,Logan Davis,Specialist,112447,2020-03-18
178,174,Michelle Lewis,Engineer,147660,2025-03-06
179,57,John Arroyo,Engineer,146347,2021-12-19
180,12,William Nguyen,Manager,98847,2017-02-25
181,72,Tammy Sloan,Specialist,122423,2021-09-14
182,24,William Craig,Manager,58493,2023-03-11
183,146,Mrs. Kristen Thomas,Director,122173,2025-01-17
184,159,Gina Roberts,Engineer,71029,2024-05-03
185,199,Philip Blair,Specialist,52625,2024-03-20
186,82,Cynthia Parker,Specialist,130052,2022-02-23
187,55,Jason Flores,Manager,98126,2021-06-13
188,19,Meghan Avila,Analyst,58309,2022-03-24
189,30,Jennifer Smith,Manager,97163,2026-02-22
190,69,Jacqueline Todd,Analyst,78217,2023-03-13
191,26,Steven Powell,Specialist,75101,2017-12-07
192,158,Michelle Galloway,Specialist,42875,2017-08-05
193,80,Daniel Golden,Director,143755,2019-02-15
194,117,Laura Ashley,Director,50054,2023-08-10
195,114,Christopher Jones,Manager,89775,2022-02-18
196,161,Donna Harris,Engineer,45111,2024-07-02
197,82,Andrea Willis,Manager,51844,2020-09-02
198,25,Richard Simpson,Manager,76498,2019-05-28
199,37,Maria Miller,Director,87849,2024-07-22
200,60,Ashley Collins,Specialist,98899,2016-11-24
201,97,Leslie Johnson,Director,135256,2019-01-27
202,100,Joseph Salinas,Analyst,59266,2018-07-11
203,80,Robert Hooper,Manager,125310,2021-06-28
204,31,Haley Potter,Director,89326,2022-08-02
205,157,Kari Hancock,Specialist,82797,2025-01-04
206,185,William Jones,Director,146744,2023-09-22
207,86,Peter Little,Director,85241,2023-02-17
208,139,Marc Garcia,Director,106331,2020-07-31
209,69,Brandy Mcdonald,Analyst,48216,2018-12-12
210,126,Kelly Thomas,Specialist,118450,2024-02-20
211,25,Timothy Gaines,Director,84994,2018-07-29
212,149,Michael Coleman,Director,115934,2018-07-26
213,20,Rachael Burke,Analyst,64582,2016-07-24
214,133,Samantha Hernandez,Specialist,130505,2020-05-01
215,132,Tiffany Rodriguez,Engineer,92979,2019-10-31
216,178,William Clark,Director,111073,2022-02-02
217,176,Andrew Cobb,Specialist,86060,2025-04-30
218,75,Lisa Villarreal,Engineer,70010,2026-02-26
219,181,Dr. Jesse Johnson IV,Director,110117,2024-07-01
220,42,Bianca Davis,Specialist,69978,2023-01-31
221,14,Susan Thompson,Director,55559,2016-11-22
222,56,Ricky Wolfe,Director,58295,2016-09-05
223,194,Eric Holmes,Manager,127015,2020-03-10
224,90,Brent Phillips,Analyst,60164,2019-10-04
225,38,James Hudson,Analyst,97307,2017-10-10
226,188,Mrs. Amy Gilbert,Analyst,70092,2017-02-26
227,100,Henry Ortiz,Manager,115236,2021-06-07
228,79,Randy Salinas,Manager,138191,2018-07-12
229,193,Jessica Woods,Manager,144891,2018-06-25
230,86,Aaron Christian,Analyst,79697,2022-01-12
231,96,John Dominguez,Manager,97536,2022-07-25
232,140,Eric Riggs,Director,122028,2021-07-30
233,130,Gary Phillips,Engineer,106379,2020-01-06
234,118,Melissa Ford,Engineer,80911,2023-04-16
235,12,Jeremy Morton,Director,64635,2023-09-01
236,198,Judy Johnson,Specialist,143354,2021-10-04
237,49,Colton Andrews,Engineer,64905,2019-06-20
238,68,Gary Leon,Director,85849,2016-11-03
239,34,Jeremy Adams,Director,63045,2017-09-10
240,91,Erika Murray,Analyst,135046,2016-08-17
241,96,Scott Vargas,Director,77504,2018-08-25
242,194,Mark Davis,Analyst,102423,2025-10-25
243,110,Anthony Young,Specialist,121639,2018-01-28
244,41,Matthew Nunez,Manager,44401,2016-07-14
245,155,Karen Mcclain,Manager,90809,2020-07-13
246,14,Steven Browning,Engineer,114113,2023-01-20
247,18,Adriana Garza,Engineer,113977,2022-07-17
248,192,Mrs. Maria Mendoza,Analyst,69290,2016-04-04
249,187,Jennifer Park,Engineer,82603,2021-10-22
250,153,Elizabeth Garcia,Specialist,101838,2025-03-04
251,5,Michael Garcia,Specialist,140473,2023-01-29
252,179,Pamela Olson,Engineer,143198,2019-01-12
253,84,Jessica Montoya,Engineer,82373,2021-03-17
254,100,Erik Jackson,Analyst,90337,2016-04-25
255,17,Erin Chavez,Engineer,79149,2025-03-10
256,158,Sergio Barrett,Analyst,83669,2025-02-17
257,88,Scott Proctor,Director,45137,2016-10-16
258,100,Ryan Murphy,Director,74276,2018-09-18
259,188,Eric Matthews,Director,132116,2024-05-20
260,184,William Cain,Analyst,101720,2024-04-21
261,34,David Simmons,Engineer,144276,2017-11-15
262,152,Audrey Jones,Analyst,74741,2019-07-07
263,80,Tony Dean,Specialist,143831,2018-09-04
264,90,Fernando Adkins,Director,57900,2024-03-22
265,103,Tina Young,Manager,48538,2018-03-28
266,50,Joshua Lee,Director,79649,2019-03-17
267,30,Kathleen Murray,Manager,76083,2016-05-14
268,194,Sarah Newton,Director,66298,2018-01-14
269,23,Cheryl Andrews,Analyst,67691,2025-09-29
270,115,Brian Ingram,Manager,115222,2023-06-15
271,77,Brittany Hardy,Specialist,77480,2023-10-16
272,64,Jessica Wood,Manager,96632,2016-09-01
273,180,Edward Silva,Manager,136373,2022-12-03
274,14,Chelsea Olsen,Analyst,128819,2018-07-29
275,61,Heather Lynch,Engineer,106132,2017-03-14
276,159,Elaine Perez,Analyst,106643,2019-05-03
277,161,David Lee,Analyst,138500,2022-01-27
278,77,Tiffany Moore,Director,85027,2019-05-29
279,19,Michael Robinson,Specialist,91502,2024-09-19
280,36,Angela Harris,Analyst,71894,2018-07-19
281,119,Alicia Wagner,Director,146001,2016-10-07
282,178,Katherine Jones,Specialist,79538,2022-11-25
283,98,Kyle Mullins,Engineer,55083,2019-06-29
284,155,Brandon Schultz,Director,120311,2016-09-24
285,164,Ronald Wilson,Director,56372,2019-06-02
286,159,Jody Perez,Analyst,42182,2018-07-31
287,27,Daniel Woodward,Engineer,49098,2021-03-17
288,6,Cassandra Davis,Engineer,51439,2024-10-27
289,132,Sydney Yu,Engineer,92797,2023-06-08
290,147,Mitchell Davis,Manager,62593,2018-04-26
291,138,Cheryl Hogan,Specialist,134308,2022-09-01
292,33,Bethany Taylor,Analyst,57105,2020-02-26
293,165,David Fernandez,Director,104473,2018-10-23
294,172,Lee Flores,Engineer,124541,2023-11-02
295,77,Donna Watson,Director,102942,2016-12-12
296,144,Angela Alexander,Manager,65956,2017-07-08
297,106,Shannon Garza,Director,82320,2018-08-22
298,174,Anthony Peterson,Specialist,47007,2021-05-11
299,43,Brandon Smith,Manager,97043,2025-10-01
300,181,Zachary Odom,Engineer,140305,2025-11-20
301,29,Richard Mcclain,Director,56293,2018-10-01
302,190,John Ward,Specialist,108896,2025-09-10
303,140,Timothy George,Engineer,144208,2023-01-20
304,87,Ryan Little,Analyst,57157,2023-02-26
305,22,Jo Farrell,Manager,64030,2019-08-20
306,84,Jonathan Mcdaniel,Specialist,55344,2021-08-24
307,55,Nicole Vargas,Specialist,60589,2019-05-02
308,50,Lisa Jackson,Analyst,50096,2020-10-31
309,102,Cindy Salazar,Analyst,131717,2017-04-09
310,73,Michael Velez,Analyst,103198,2019-12-18
311,166,Jamie Matthews,Director,148520,2021-08-19
312,167,Michael Castaneda,Engineer,148001,2025-04-14
313,1,Cindy Clark,Analyst,100297,2023-11-10
314,83,Jacqueline Bauer,Analyst,58066,2017-12-21
315,147,John Henson,Specialist,109881,2016-10-09
316,176,Lisa Stephens,Manager,60573,2025-04-13
317,158,Danielle Potts,Specialist,137783,2020-11-28
318,127,Dawn Weaver,Engineer,74208,2023-07-01
319,76,Debra Green,Manager,115922,2017-10-07
320,52,Michael Cooper,Director,108129,2026-01-25
321,105,Ralph Garcia,Specialist,42053,2024-11-25
322,22,Amanda Gonzalez,Specialist,59681,2021-04-21
323,92,Martin Sparks,Analyst,126375,2018-03-31
324,98,Melissa Miller,Manager,139103,2016-07-17
325,195,Mark Wright,Specialist,48171,2020-08-25
326,190,David Tran,Director,82899,2016-08-25
327,58,Donna Lee,Engineer,94848,2022-05-07
328,39,Katherine Mooney,Specialist,55844,2023-10-19
329,143,Casey Davis,Director,53283,2025-11-30
330,157,Michael Campbell,Engineer,111821,2024-03-29
331,69,Theodore Thompson,Analyst,100602,2016-04-24
332,72,Monica Johnston,Analyst,124977,2022-08-11
333,106,Daniel Schultz,Analyst,46093,2020-04-16
334,176,John Cox,Manager,54071,2025-05-06
335,157,Maria Leon,Specialist,134076,2017-07-14
336,175,Jacob Walker,Analyst,99901,2022-08-13
337,157,Christopher Walker,Director,80082,2020-06-12
338,10,Steven Harmon,Analyst,59391,2019-09-30
339,198,Jasmine Watkins,Engineer,137431,2025-10-27
340,82,Scott Yoder,Analyst,61997,2024-02-25
341,164,David Ramirez,Analyst,84959,2022-03-09
342,71,Steven Hicks,Engineer,72905,2025-02-27
343,181,David Frank MD,Specialist,81011,2024-02-15
344,64,Bobby Bright,Specialist,90647,2022-06-08
345,80,Brittany Harris,Analyst,144221,2021-05-05
346,185,Timothy Lawrence,Manager,114205,2018-07-05
347,109,Margaret Clark,Director,64660,2022-08-24
348,1,Abigail Malone,Engineer,110131,2024-05-13
349,147,Valerie Gray,Engineer,107016,2025-05-15
350,197,Matthew Jacobs,Manager,131919,2020-03-22
351,99,Alicia Russell,Specialist,99800,2023-05-28
352,200,Jennifer Adams,Director,44990,2018-10-13
353,22,Kevin Trevino,Director,147272,2021-01-09
354,63,Cynthia Gregory,Manager,133966,2025-03-30
355,147,Alyssa Ramos,Manager,112544,2024-07-26
356,131,Kevin Reese,Engineer,81431,2017-06-19
357,107,Sarah Warren,Analyst,88963,2020-08-16
358,13,Hayley Sims,Analyst,98323,2016-04-09
359,68,David Kaiser,Director,87913,2022-05-24
360,157,Douglas Wilson,Specialist,58485,2018-07-06
361,44,Stephanie Watts,Specialist,136442,2019-01-26
362,159,Andrea White,Engineer,141797,2018-07-09
363,50,Cameron Morris,Engineer,98248,2020-11-12
364,49,James Palmer,Engineer,46958,2024-08-18
365,105,David Curtis,Manager,113522,2017-01-11
366,161,Carolyn Martinez,Manager,53737,2022-06-03
367,49,Kimberly Williams,Analyst,93565,2017-05-27
368,98,Angel Kaiser,Manager,133869,2023-09-11
369,77,Samantha Weaver,Director,64492,2025-11-10
370,99,John Torres,Analyst,111696,2026-01-03
371,103,Sandra Dunlap,Analyst,74723,2017-10-24
372,174,Christopher White,Engineer,98781,2018-05-29
373,147,Christopher Anderson,Manager,76254,2017-08-30
374,175,Rachel Young,Manager,111233,2021-03-17
375,156,Vickie Hickman,Manager,61350,2025-03-02
376,132,Christopher Burton,Director,93586,2022-11-01
377,54,Melissa Fields,Manager,91400,2022-02-06
378,104,Caitlin Chavez,Manager,112952,2019-01-08
379,169,Patricia Martinez,Analyst,84978,2025-03-25
380,15,Thomas Davis,Director,100250,2017-06-12
381,112,Michael Matthews,Analyst,149110,2018-07-05
382,89,Desiree Lawson,Specialist,149074,2023-07-30
383,188,Andrew Shaw,Director,60554,2022-09-05
384,161,Todd Wilson,Analyst,147714,2017-10-06
385,101,Wayne Prince,Specialist,145977,2019-08-09
386,192,Kimberly Lowe,Manager,143376,2016-07-14
387,22,Charlotte Myers,Manager,78694,2025-08-28
388,126,Norman Miller,Specialist,84008,2021-04-23
389,143,Anna Rivera,Specialist,102217,2023-08-21
390,110,Lance Knapp,Analyst,44108,2024-02-29
391,173,Susan Mathis,Engineer,132077,2019-09-19
392,45,Kari Hall,Engineer,79091,2020-09-27
393,47,Ashley Burton,Manager,74344,2024-04-17
394,72,Anthony Whitehead,Engineer,77948,2026-02-13
395,167,John Williams,Director,65942,2024-07-31
396,188,Pamela Lester,Specialist,82855,2021-07-27
397,195,Jessica Small,Specialist,110390,2023-03-15
398,128,Jeffrey Gomez,Director,72957,2022-10-09
399,20,Amy Donaldson,Specialist,67134,2025-11-21
400,38,Robert Stevenson,Analyst,83372,2019-09-26
401,144,Robert Caldwell,Manager,144922,2022-07-05
402,82,Steven Woodard,Director,105115,2025-03-01
403,160,Lauren Garcia,Manager,85980,2016-12-06
404,50,Cameron Luna,Manager,109877,2022-07-28
405,12,John Hampton,Specialist,72322,2018-01-20
406,7,Javier Hudson,Director,145683,2024-12-13
407,50,Dennis Cooper,Manager,66130,2022-01-14
408,69,Jill Snyder,Director,60037,2023-04-07
409,125,Kyle Hendrix,Director,59962,2020-06-27
410,149,Deanna Pena,Director,71444,2022-03-07
411,159,Scott Cortez,Analyst,95926,2019-04-01
412,176,David Sandoval,Engineer,83648,2023-09-08
413,111,Jeremy Roberts,Analyst,80317,2016-06-08
414,122,Julie Quinn,Manager,137030,2019-08-02
415,58,Thomas Pittman,Manager,80685,2022-02-23
416,131,Kaitlyn Farmer,Specialist,57868,2020-09-12
417,52,Tammie Mcdaniel,Director,60636,2024-07-29
418,187,Donna Schmitt,Director,62261,2021-12-27
419,90,Jamie Gutierrez,Manager,44728,2025-10-25
420,64,Ethan Martinez,Specialist,86665,2017-06-25
421,30,Gerald Mann,Engineer,92119,2017-05-06
422,41,Deanna Gray,Engineer,133007,2017-09-10
423,145,Ashley Johnston,Analyst,46134,2019-04-29
424,4,William Nguyen,Specialist,121498,2022-08-02
425,162,Lauren Spencer,Director,138059,2021-01-24
426,133,Kevin Bradshaw,Specialist,147483,2017-04-28
427,170,Michael Barrera,Engineer,115037,2021-04-25
428,165,Sheryl Simmons,Analyst,65395,2018-05-12
429,86,William Williams,Director,85639,2025-03-17
430,194,Jessica Hancock,Specialist,55244,2017-05-23
431,200,Janice Murray,Specialist,56046,2020-05-11
432,23,Brian Chan,Engineer,131913,2024-05-26
433,197,Richard Mitchell,Manager,52102,2023-12-15
434,166,Ann Shaffer,Analyst,67264,2025-11-24
435,59,Jennifer Bailey,Analyst,124676,2023-09-29
436,108,Heather Moody,Analyst,118276,2020-06-09
437,137,Katherine Ruiz,Director,119214,2024-10-24
438,172,Andre King,Analyst,55233,2018-03-21
439,132,Tyler Martinez,Director,138669,2017-07-21
440,199,Joshua Baldwin,Director,121264,2021-06-13
441,25,Richard Newman,Specialist,136884,2023-12-28
442,92,Joseph Bullock,Specialist,128249,2022-12-29
443,129,Julie Greene,Engineer,104934,2020-07-10
444,151,Joshua Chen,Manager,51816,2020-05-28
445,53,Rachel Charles,Director,58238,2016-11-28
446,14,Courtney Holmes,Analyst,44197,2026-02-04
447,111,Michael Horton,Analyst,133211,2020-05-03
448,101,Shawn Hurley,Director,66951,2025-11-09
449,172,David Murillo,Manager,60248,2016-05-28
450,146,Lauren Black DDS,Specialist,75218,2019-07-17
451,61,David Lee,Director,49974,2016-09-15
452,185,Heather Cannon,Engineer,89850,2017-03-22
453,150,Tony Freeman,Analyst,91743,2020-03-17
454,54,Amanda Hansen,Manager,84567,2020-08-21
455,84,James Arnold,Director,89095,2019-11-16
456,163,Jane Lamb,Engineer,95562,2018-07-14
457,10,Matthew Hall,Manager,40038,2018-01-21
458,1,Jonathan Reeves,Analyst,111951,2018-10-09
459,131,Mr. Andrew Stewart,Engineer,43508,2019-07-17
460,33,Kevin Velazquez,Engineer,142213,2025-06-22
461,129,John Lang,Specialist,115638,2026-02-07
462,186,Renee Austin,Manager,49565,2021-09-06
463,121,Christine Cox,Director,91538,2023-07-25
464,96,Brian Ortiz,Engineer,106788,2022-05-24
465,136,David Ortiz,Specialist,106590,2020-12-13
466,113,Bethany Jones,Director,141204,2022-01-17
467,127,Taylor Ryan,Analyst,85432,2023-03-14
468,136,Christopher Glass,Director,131159,2021-03-06
469,41,Amber Thompson,Analyst,143751,2021-04-17
470,186,Latoya Shields,Director,104195,2019-06-24
471,194,Ruth Forbes,Director,107514,2022-09-01
472,65,Erica Tran,Engineer,99076,2023-06-10
473,29,Daniel Moss,Director,51888,2026-01-07
474,10,Brenda Smith,Engineer,57604,2018-02-01
475,103,Christopher Browning,Manager,106508,2018-12-14
476,58,Hailey Robinson,Engineer,78750,2022-06-04
477,52,Melinda Villarreal,Engineer,125357,2025-08-29
478,110,Kristen Anderson,Analyst,97771,2018-07-13
479,136,Crystal Atkins,Director,91536,2022-07-02
480,88,Nancy Black,Engineer,106380,2020-08-27
481,47,Kevin Landry,Engineer,46710,2018-04-22
482,80,Nicole Evans,Manager,91692,2024-06-22
483,154,Nicholas Turner,Manager,126938,2025-08-16
484,163,Christina Tucker,Manager,59822,2018-08-18
485,178,James Ritter,Engineer,67761,2023-03-24
486,29,Cody Smith,Engineer,51670,2024-04-05
487,82,Sarah Walter,Director,93121,2016-12-01
488,107,Steven Parker,Analyst,109479,2021-07-31
489,195,Stephanie Hanson,Engineer,126747,2019-11-02
490,145,Melissa Walker,Analyst,129092,2019-09-16
491,64,Sarah Fuentes,Analyst,53074,2016-06-18
492,187,Theresa Allen,Specialist,137792,2021-03-09
493,2,Samantha Thomas,Analyst,113884,2017-11-20
494,35,Ariel Moyer,Analyst,72120,2020-05-04
495,79,Antonio Watkins,Director,92821,2021-10-09
496,152,Diane Gonzalez,Specialist,46003,2025-08-22
497,76,Lori Davis,Director,40166,2024-09-04
498,127,Valerie Lozano,Manager,56143,2023-12-13
499,34,Katherine Smith,Specialist,107771,2017-03-27
500,49,Dana Burns,Specialist,86998,2022-07-17
501,20,Maria Chambers,Director,68134,2022-01-26
502,174,Dale Bailey,Manager,56177,2021-06-25
503,170,Manuel Jensen,Director,100080,2023-12-21
504,121,Ryan Smith,Specialist,44238,2025-12-17
505,74,Debra Mccormick,Specialist,52188,2022-05-15
506,155,April Archer,Analyst,47791,2017-10-07
507,157,George Cox,Analyst,104723,2018-01-24
508,194,Kimberly Wright,Specialist,59968,2022-11-02
509,82,Angela Brooks,Engineer,88966,2022-05-21
510,20,Linda Medina,Director,98788,2021-05-12
511,95,Theresa Moore,Engineer,146213,2024-07-02
512,113,Alison Bowman,Engineer,72850,2016-09-17
513,167,Joshua Johnson,Manager,113799,2024-06-02
514,18,Kathy Dominguez,Engineer,50586,2022-05-26
515,157,Brent Kelly,Analyst,40533,2018-02-01
516,173,Adam Long,Specialist,120893,2017-02-13
517,197,Kristin Ryan,Director,78433,2018-02-16
518,66,Adam Smith,Manager,58194,2018-07-14
519,89,Sarah Vasquez,Manager,142745,2024-12-20
520,77,Nicholas Henderson,Analyst,68098,2025-02-28
521,151,Erin Huynh,Manager,122008,2021-03-23
522,110,Steven Mitchell,Analyst,90713,2021-03-25
523,192,Charles Dillon,Specialist,115646,2018-12-04
524,63,Gabriel Drake,Engineer,118864,2016-08-03
525,86,Lindsey Williams,Manager,97440,2020-08-27
526,122,Christopher Miller,Analyst,134414,2025-01-02
527,70,Steven Green,Specialist,137755,2023-12-20
528,14,Brendan Blackburn,Director,123842,2018-06-03
529,183,David Perez,Analyst,108718,2017-04-15
530,10,Benjamin Hunter,Director,60501,2024-05-02
531,92,Kristen Harris,Director,45827,2025-12-19
532,15,Toni Jenkins,Manager,149153,2024-12-03
533,141,Steven Glenn,Manager,59906,2021-07-03
534,171,James Snyder,Engineer,63547,2022-09-08
535,90,Scott Pugh,Specialist,131153,2024-02-14
536,113,Manuel Walters,Analyst,67318,2020-08-07
537,34,Melinda Huff,Analyst,140314,2019-03-15
538,181,Cheyenne Walker,Director,140492,2021-09-02
539,21,Rachel Mclaughlin,Manager,86579,2022-04-12
540,174,Steven Hawkins,Analyst,68952,2019-07-26
541,125,Sandra Mitchell,Manager,84741,2019-08-25
542,182,Dakota Bishop,Engineer,77915,2021-01-18
543,181,Jason Potts,Engineer,87715,2025-10-26
544,111,Gerald Taylor,Engineer,81434,2025-10-10
545,129,Christian Reynolds,Specialist,83384,2016-12-02
546,89,Katie Harrington DDS,Manager,108209,2019-07-21
547,21,Joseph Conner,Director,85953,2025-07-02
548,158,Karen Gutierrez,Director,120560,2023-04-23
549,129,Mrs. Michaela Hernandez,Engineer,102625,2017-01-23
550,45,Lynn Walton,Specialist,117801,2026-01-22
551,38,Jeffrey Sanchez,Specialist,63435,2017-10-25
552,175,Omar Lewis,Specialist,70138,2023-06-30
553,117,Raymond Allen,Specialist,138514,2020-08-30
554,157,Jennifer Hensley,Engineer,101057,2018-02-20
555,140,Elizabeth Allen,Manager,74201,2020-02-16
556,104,Margaret Jones,Analyst,50989,2021-08-10
557,109,Christina Griffin MD,Specialist,145709,2017-11-12
558,192,Ellen Lee,Manager,97767,2019-11-01
559,68,Tonya Hoover,Specialist,100423,2022-03-11
560,193,Ruben Morris,Director,142648,2025-08-29
561,39,John Small,Engineer,118148,2020-12-13
562,190,Caleb Smith,Manager,74302,2016-11-17
563,109,Richard May,Analyst,76827,2019-06-18
564,182,Gregory Johnson,Analyst,79837,2019-04-02
565,128,Katrina Johnson,Director,55855,2016-05-09
566,27,Lori Parker,Specialist,43058,2016-04-08
567,87,Joel Sullivan,Specialist,138829,2021-01-17
568,26,Victor Williams,Engineer,63716,2022-10-28
569,170,Misty Patterson,Director,71758,2018-05-07
570,47,Tyler Carpenter,Specialist,76654,2019-05-28
571,150,Victoria Rivera,Manager,123626,2016-06-28
572,15,Courtney Waters,Director,64613,2022-05-20
573,108,Jennifer Deleon,Manager,131312,2023-07-02
574,191,Joseph Allen,Manager,131368,2022-04-21
575,2,Mary Reed,Specialist,124927,2019-11-14
576,192,Joshua Wilson,Manager,53512,2021-10-18
577,170,Francisco Sanchez,Engineer,107224,2016-06-15
578,65,Robert Stevens,Specialist,104727,2022-12-18
579,156,Daniel Salas,Director,49855,2021-11-15
580,120,Samuel Costa,Analyst,56885,2020-02-25
581,148,Thomas Garcia,Analyst,105803,2022-12-04
582,56,Christopher Clark,Specialist,147954,2025-06-21
583,121,Trevor Townsend,Director,48929,2017-12-25
584,88,Gregory Johnson,Director,85083,2018-12-05
585,179,Thomas Myers,Specialist,144522,2018-11-13
586,9,Elizabeth Sosa,Engineer,66982,2017-06-06
587,167,Angela Ortiz,Director,132415,2022-03-22
588,168,Charles Kennedy,Specialist,96123,2022-05-25
589,156,Ashley Fernandez,Manager,133036,2017-04-08
590,25,Johnny Grant,Analyst,119062,2024-05-06
591,176,Michelle Riley,Director,128570,2023-11-23
592,32,Brian Elliott,Engineer,79727,2016-06-14
593,138,John Myers,Analyst,79377,2021-01-27
594,39,Holly Miller,Manager,121872,2023-10-03
595,12,Alicia Stone,Specialist,102158,2019-04-11
596,31,Anna Miller,Director,107933,2019-01-20
597,182,Colin Martinez,Manager,50787,2025-02-03
598,48,Kenneth Watts,Analyst,58477,2025-02-08
599,71,Thomas Lozano,Engineer,78856,2023-05-31
600,136,Kathleen Martinez,Director,146253,2025-06-28
601,65,Susan Davis,Engineer,127259,2016-09-23
602,24,Dawn Brown,Manager,121421,2022-10-10
603,56,Mr. Charles Shaffer,Manager,135830,2020-05-28
604,154,Kimberly Martinez,Analyst,148387,2018-01-04
605,9,John Weiss,Manager,111456,2019-11-07
606,24,Lauren Booth,Specialist,95908,2021-08-31
607,31,Kimberly Foster DDS,Manager,145341,2023-02-21
608,170,Shelley Odom,Manager,121314,2024-04-24
609,179,Cameron Hernandez,Specialist,117039,2018-01-25
610,21,Edwin Hicks,Director,135027,2022-12-24
611,136,Dalton Jennings,Director,47268,2017-01-21
612,145,Brian Richard,Director,58106,2023-11-20
613,169,Elaine Freeman,Specialist,126744,2025-05-08
614,48,Donna Mcbride,Specialist,69891,2020-04-05
615,10,Nancy Johnson,Manager,110849,2019-06-01
616,52,Aaron Tran,Analyst,149033,2025-05-06
617,86,Edward Johnson,Specialist,66746,2020-01-01
618,61,David Davis,Engineer,104375,2019-02-22
619,121,Jeffrey Miller,Specialist,112075,2016-06-15
620,128,James Le,Specialist,98842,2023-09-08
621,118,Caleb Short,Specialist,100853,2022-11-30
622,152,Dana Robertson,Specialist,110497,2020-06-04
623,3,Evan Quinn,Analyst,45719,2019-08-29
624,146,Frank Cross,Manager,40729,2026-02-12
625,66,Joshua Guzman,Engineer,94637,2021-07-28
626,115,Jennifer Horne,Manager,94089,2022-03-18
627,111,Justin Lopez,Director,75309,2020-09-09
628,154,Travis Compton,Analyst,140961,2021-02-03
629,119,John Baxter,Manager,95942,2023-09-23
630,64,Ashley Allen,Engineer,76567,2016-10-08
631,121,Mark Adkins,Analyst,147895,2020-11-05
632,151,Michael Conway,Analyst,61915,2019-05-05
633,103,Stephen Carrillo,Specialist,93588,2025-01-12
634,16,Vanessa Gray,Specialist,124377,2022-05-25
635,186,Bryan Rios,Director,122681,2016-04-26
636,188,April Davis,Engineer,107116,2016-08-18
637,181,Andrew Morrison,Analyst,134966,2022-11-02
638,182,Brian Russell,Analyst,54134,2021-08-21
639,26,Keith Davis,Specialist,60312,2017-06-16
640,99,Gary Stevens,Specialist,87222,2021-10-31
641,37,William Brown,Director,115923,2022-08-15
642,185,Tonya Gonzalez,Engineer,134906,2021-01-28
643,109,Victoria Black,Engineer,80868,2022-07-14
644,164,Allison Mckay,Manager,70374,2023-02-12
645,48,Tasha Norton,Engineer,44770,2024-08-09
646,6,Michelle Peters,Engineer,67093,2026-02-27
647,110,Mr. Jonathan Walker III,Director,64600,2024-11-26
648,81,Zachary Wilson,Analyst,102414,2022-09-20
649,135,Sally Cline,Specialist,54853,2026-01-07
650,20,Victor Lee,Engineer,122787,2019-06-29
651,182,Jerry Ray,Specialist,113043,2021-06-07
652,116,Carrie Barnes,Analyst,41883,2021-12-21
653,90,Kristina Torres,Analyst,55361,2021-06-10
654,157,Rebecca Clark,Director,80392,2025-05-15
655,175,Adam Walker,Manager,87391,2017-02-22
656,109,Corey Wilson,Analyst,51636,2020-04-19
657,132,Cynthia Larson,Manager,44741,2025-11-04
658,96,Erin Ferguson,Director,98737,2020-11-02
659,186,Lydia Barrett,Analyst,89612,2020-02-29
660,184,Joanne Marsh,Director,70113,2020-10-27
661,10,Cheryl Wells MD,Specialist,136406,2016-06-13
662,61,Kelly Townsend,Engineer,114225,2022-06-21
663,26,Carolyn Goodman,Engineer,75416,2020-08-27
664,13,Joanna Miller,Engineer,91374,2019-06-17
665,9,Diana Smith,Specialist,67124,2021-02-09
666,159,Casey Lopez,Engineer,97165,2021-06-05
667,37,Veronica Reed,Analyst,139913,2024-01-02
668,89,Lindsey Travis,Specialist,50685,2018-07-21
669,120,Dawn Wood,Analyst,60223,2024-10-21
670,166,Sharon Elliott,Specialist,83342,2023-06-12
671,142,Megan Hancock,Engineer,138542,2024-10-16
672,142,Christopher Wallace,Director,83201,2016-09-15
673,96,Cindy Woods,Specialist,110976,2024-05-08
674,114,Garrett Oconnor,Manager,104999,2022-06-27
675,15,Dr. Virginia Evans DVM,Manager,52115,2018-04-28
676,122,Melissa Miller,Engineer,47267,2017-06-25
677,151,Bradley Rogers,Specialist,45490,2018-01-02
678,113,Teresa Rose,Director,135398,2018-10-07
679,170,Tanya Todd,Director,100709,2018-01-27
680,115,Dustin Hayes,Manager,121330,2019-11-20
681,102,Kayla Oneill,Engineer,123799,2023-12-08
682,137,Dr. Cathy Gomez,Director,44526,2016-11-22
683,103,Sarah Sanchez,Director,139255,2019-06-13
684,170,Dawn Gill,Manager,145564,2023-09-08
685,172,Dean Freeman,Engineer,123102,2025-03-28
686,90,Cheryl Simpson MD,Director,94759,2017-01-16
687,51,Kenneth Cohen,Manager,112931,2021-05-23
688,8,Brittany Goodwin,Analyst,106128,2025-12-18
689,57,Marie Jackson,Specialist,82564,2024-04-12
690,191,Christopher Guerra,Manager,57850,2020-02-11
691,102,Elizabeth Moore,Analyst,144294,2018-11-07
692,122,Ryan Hall,Specialist,131133,2025-09-17
693,32,Phillip Rodriguez,Specialist,70059,2024-05-31
694,69,Mark Carroll,Director,148561,2016-05-15
695,80,Jacob Anthony,Analyst,145131,2018-10-07
696,26,Ricky Bell,Manager,98051,2025-03-15
697,97,Laura Jenkins,Manager,103753,2023-05-15
698,143,Shawn Warren,Director,88694,2017-10-17
699,91,David Green,Director,49339,2016-12-23
700,171,Blake Nelson,Director,71280,2020-05-24
701,31,Amanda West,Engineer,48738,2020-09-13
702,94,Zachary Anderson,Analyst,59895,2017-06-30
703,112,Virginia Parker,Director,95328,2025-11-05
704,16,Denise Zamora,Specialist,145280,2017-06-18
705,127,Stephanie Powell,Specialist,52752,2017-05-09
706,90,Mike Ryan DVM,Director,149826,2024-12-31
707,27,Hannah Torres,Director,113709,2016-12-18
708,42,Emily Conley,Director,136921,2016-06-15
709,38,Erika Turner,Analyst,145327,2024-07-18
710,36,Troy Reynolds,Manager,70298,2026-01-29
711,27,Kenneth Patterson,Analyst,78082,2022-11-28
712,59,Kevin Perez,Engineer,88139,2021-11-28
713,143,Michael Bell,Specialist,130582,2021-06-10
714,75,Lauren Adkins,Analyst,137225,2020-02-07
715,154,Clayton Fox,Specialist,115277,2024-02-11
716,41,Robert Brown,Analyst,105532,2019-03-28
717,14,Tara Diaz,Director,65160,2019-10-29
718,54,Eric Mcneil,Director,83618,2017-03-26
719,115,Tricia Roberts,Director,40611,2026-02-06
720,173,James Allen,Engineer,93419,2020-03-15
721,12,Elizabeth Miller,Director,77635,2022-06-08
722,197,Jennifer Chandler,Analyst,102447,2021-07-31
723,96,Crystal Mccormick,Director,130354,2017-05-04
724,137,Colleen Thomas,Director,90459,2017-09-04
725,178,Matthew Rosario,Director,110332,2024-07-22
726,177,David Ramos,Analyst,88268,2024-08-22
727,140,Catherine Anderson,Engineer,80086,2020-04-06
728,141,Edward Ellis,Specialist,134346,2022-08-25
729,106,Nicholas Orr,Analyst,110923,2018-11-01
730,182,Kyle Smith,Specialist,120826,2021-07-29
731,173,Shaun Sims,Director,74376,2020-12-26
732,65,Roger Mason,Analyst,65912,2023-11-18
733,100,Jose Booth,Analyst,103887,2023-03-10
734,190,Gene Thompson,Engineer,109094,2021-12-21
735,118,Deborah Barnes,Specialist,54223,2023-06-17
736,135,Olivia Powers,Specialist,145807,2021-11-19
737,69,Joshua Murillo,Director,130587,2026-03-06
738,18,William Bowman,Analyst,144635,2019-01-20
739,112,Matthew Johnson,Specialist,64278,2024-12-04
740,137,Kelly Miles,Analyst,65078,2020-10-07
741,61,Andrew Snyder,Engineer,123918,2024-08-15
742,23,George Moreno,Engineer,87828,2018-03-19
743,3,Cynthia Williams,Engineer,96346,2025-03-18
744,197,Timothy Hatfield,Specialist,75626,2019-11-11
745,119,Kayla Skinner,Manager,93609,2017-08-19
746,144,Amanda Ewing,Engineer,75488,2017-08-13
747,59,Timothy Harris,Analyst,67650,2016-11-29
748,157,Sarah Shaw,Director,117774,2025-04-09
749,31,Kathleen Torres,Specialist,45595,2020-10-15
750,70,David Dawson,Director,67548,2022-10-05
751,65,Richard Castro,Engineer,110930,2018-10-20
752,105,Jessica Thomas,Specialist,105425,2019-02-15
753,193,Elizabeth Fischer,Director,116205,2024-09-27
754,51,Joann Carter,Engineer,73897,2017-03-04
755,106,Tyrone Perez,Specialist,125681,2024-08-09
756,28,Gail Dean,Specialist,142885,2018-03-14
757,154,Kathryn Smith,Analyst,100055,2018-04-22
758,50,Christopher Mueller,Specialist,126443,2024-10-09
759,148,John King,Analyst,85208,2018-12-10
760,175,Allison Carter,Manager,99978,2016-11-22
761,29,Nicole Gray,Director,56891,2021-03-15
762,189,Kimberly Washington,Specialist,135865,2020-02-06
763,163,Ariana Stevens,Director,59681,2021-09-26
764,159,Holly Clark,Engineer,142864,2018-01-23
765,132,Lisa Hooper,Manager,97368,2017-05-02
766,187,Hannah Patton,Engineer,45556,2024-03-09
767,192,Ashley Ortiz,Manager,132608,2025-06-15
768,124,James Spence,Specialist,47326,2022-12-10
769,197,Lucas Dean,Engineer,103038,2023-05-17
770,39,Stephanie Stewart,Director,139444,2016-06-02
771,93,Gerald Carroll,Manager,147364,2017-02-28
772,193,Tony Harper,Analyst,147398,2024-07-16
773,177,Sabrina Murillo,Engineer,133274,2019-03-09
774,25,Theodore Welch,Manager,45232,2020-05-02
775,170,Heather Stark,Manager,125289,2026-01-07
776,61,Robin Faulkner,Specialist,79661,2022-01-31
777,58,Jessica Evans,Director,102531,2021-11-02
778,43,Mary Morton,Analyst,41422,2022-09-27
779,16,Michael Howell,Analyst,43882,2021-09-30
780,115,Tyler Collins,Manager,79985,2018-03-01
781,153,Erika Wilkins,Manager,86709,2024-03-12
782,94,Charles King,Director,100248,2017-10-02
783,111,Robert Mann,Engineer,73689,2023-06-21
784,46,Sharon Harper,Analyst,98530,2019-07-25
785,89,Samuel Wallace,Specialist,54321,2023-08-27
786,79,Chase Macdonald,Specialist,135738,2023-07-20
787,2,April Larson,Engineer,73599,2019-08-01
788,123,Brian Espinoza,Manager,88854,2016-12-22
789,12,Peter Foster,Engineer,88281,2025-01-02
790,67,John Lewis,Manager,127336,2017-12-23
791,151,Kyle Hughes,Manager,74812,2017-01-06
792,148,Courtney Davis,Director,41589,2025-08-24
793,161,Kelly Sanchez,Engineer,71653,2023-04-07
794,62,Benjamin Wall,Analyst,107768,2016-07-19
795,181,Destiny Hill,Manager,113496,2018-04-07
796,183,Michael Holmes,Director,57381,2019-06-16
797,143,Peggy Brown,Specialist,134914,2024-06-02
798,18,Theresa Johnson,Engineer,148859,2020-05-23
799,165,Mark Curtis,Manager,143813,2016-03-13
800,82,Sarah Taylor,Analyst,40361,2017-12-19
801,115,Gabrielle Johnson,Analyst,92442,2021-04-02
802,93,Ann Phillips,Engineer,139514,2019-11-19
803,38,William Parker,Analyst,87011,2019-06-05
804,191,Travis Gonzalez,Manager,140060,2018-02-12
805,126,Julie Weber,Manager,77781,2016-09-30
806,49,Kristy Holloway,Analyst,94542,2024-08-17
807,50,Nicole Williams,Engineer,139336,2020-03-27
808,45,Aaron Anthony,Specialist,130107,2025-08-03
809,70,Teresa Johnson,Manager,83351,2020-04-22
810,41,Tiffany Smith,Director,141456,2023-06-05
811,185,James Rodriguez,Manager,71993,2021-05-16
812,48,Ethan Lopez,Specialist,87269,2019-08-27
813,152,Anna Price,Analyst,93899,2018-06-17
814,114,Jessica Berry,Analyst,112255,2020-10-23
815,12,Megan Miller,Engineer,123689,2017-04-11
816,117,William Berry,Manager,83494,2022-05-01
817,65,Dakota Owens,Engineer,107046,2023-05-09
818,128,Patrick George,Manager,93250,2016-06-16
819,139,Paige Miller,Manager,143454,2024-03-22
820,35,Brandy Taylor,Analyst,49224,2026-01-20
821,56,Jaime Johnson,Specialist,69679,2024-08-12
822,23,Jennifer Reynolds,Specialist,139256,2024-03-20
823,117,Eric Cannon,Specialist,92449,2016-08-08
824,37,David Hopkins,Analyst,136779,2019-08-05
825,77,Isaiah Moore,Analyst,143970,2024-04-09
826,110,Mrs. Jennifer Howell MD,Engineer,118408,2019-07-05
827,40,Cynthia Cook,Director,85250,2022-11-19
828,96,Robert Jefferson,Specialist,104438,2018-12-06
829,166,Joshua Hayes,Analyst,134541,2017-01-17
830,72,Paul Castillo,Specialist,83519,2021-11-28
831,69,Danielle Harper,Specialist,144756,2016-06-14
832,46,Christine Aguilar,Analyst,70358,2023-10-18
833,7,Candice Archer,Specialist,104737,2021-06-16
834,142,Robert Larson,Manager,137906,2023-04-13
835,193,Tracey Mitchell,Engineer,66853,2024-04-25
836,129,Carla Barnes,Specialist,48472,2018-07-24
837,41,Hannah Velazquez,Analyst,48910,2023-09-20
838,6,Kelly Cox,Analyst,95858,2020-03-17
839,152,Ashley Lang,Specialist,81510,2024-09-04
840,34,Kayla Williams,Specialist,103957,2019-12-19
841,186,Crystal Goodman,Specialist,120239,2024-04-18
842,75,Kimberly Vasquez,Manager,149099,2017-03-12
843,21,Sarah Fernandez,Analyst,57951,2018-05-17
844,50,Kelly Dunn,Engineer,64644,2018-04-27
845,56,Richard Jimenez,Director,131589,2024-10-16
846,88,Jennifer Romero,Director,137015,2020-05-05
847,165,Dawn Cox,Manager,114955,2016-09-17
848,38,Kara Boyer,Specialist,142672,2020-08-25
849,92,Kimberly Griffin,Director,112381,2023-11-09
850,86,Gregory Taylor,Specialist,135074,2024-07-23
851,73,Charles Soto,Analyst,135100,2023-04-11
852,78,Kathleen Baker,Director,75649,2017-04-16
853,22,Daniel Park,Director,130608,2025-09-27
854,116,Kelly Lam,Director,117999,2020-11-30
855,48,Casey Escobar,Specialist,76446,2019-05-27
856,109,Timothy Fisher,Specialist,128368,2016-05-03
857,148,John Torres,Engineer,70446,2019-09-04
858,186,Brandon Hayes,Specialist,77310,2019-12-16
859,165,Allison Green,Engineer,125297,2016-10-30
860,142,Mary Parker,Manager,73216,2018-05-16
861,141,Johnny Hopkins,Engineer,111006,2023-04-09
862,152,Taylor Simon,Director,68930,2019-09-21
863,195,David Anderson,Engineer,53652,2023-03-17
864,2,Cody Woodard,Engineer,109640,2018-11-06
865,183,Christopher Hart,Analyst,118883,2018-09-24
866,79,Andrew Chandler,Director,135763,2023-05-19
867,85,Marvin Richardson,Analyst,79734,2020-12-21
868,112,Darrell Kane,Director,78102,2019-04-06
869,20,William Sullivan,Analyst,85044,2023-03-23
870,54,Cameron Horne,Manager,107948,2020-12-26
871,51,Daniel Burgess,Analyst,120322,2020-06-01
872,149,Alexander Vasquez,Analyst,49597,2025-06-22
873,169,Tony Wells,Engineer,110184,2018-06-20
874,85,Donald Davidson,Director,49671,2022-06-28
875,15,Heather Nunez,Director,69705,2020-02-15
876,178,Jason Garcia,Analyst,147028,2017-06-16
877,170,Jacqueline Hill MD,Specialist,129605,2025-04-28
878,100,Taylor Sanders,Director,91286,2021-12-03
879,183,Rebekah Shaw,Manager,123866,2018-07-07
880,152,Tammy Berry,Specialist,89766,2018-10-14
881,59,Tanya Trevino,Analyst,69041,2023-08-22
882,75,Michelle Bray,Specialist,84438,2016-08-26
883,27,Ann Thomas,Director,131025,2026-02-07
884,59,Brian Nelson,Specialist,73025,2016-12-12
885,97,Spencer Miller,Engineer,110251,2016-09-22
886,30,Jennifer Lambert MD,Specialist,78348,2020-05-20
887,90,Justin Robinson,Manager,136658,2016-11-13
888,98,Lori Holmes,Director,89336,2023-12-02
889,74,Kathleen Jordan,Manager,53469,2017-07-29
890,89,Kathleen Bonilla,Manager,85916,2023-04-01
891,50,Meghan Jensen,Analyst,52931,2017-04-06
892,180,Kevin Buckley,Engineer,106657,2020-03-04
893,109,Amber Rose,Specialist,147387,2023-07-18
894,41,Michael Osborne,Director,43853,2021-08-27
895,194,Jennifer Rodriguez,Engineer,92782,2017-08-27
896,40,Daniel Williams,Specialist,102304,2025-12-02
897,145,Christopher Macdonald,Manager,49650,2020-02-22
898,4,Gene Garrett,Manager,68801,2018-10-01
899,74,Erik Ortiz,Manager,65035,2020-08-14
900,138,Ashley Miller,Manager,134875,2022-04-06
901,154,Emily Hendricks,Engineer,41356,2025-09-25
902,33,James Higgins,Specialist,122046,2025-09-30
903,163,Erin Escobar,Manager,118355,2022-01-07
904,37,Dylan Adams,Manager,107386,2022-06-15
905,87,Chase Jones,Analyst,65599,2023-05-06
906,121,William Taylor,Engineer,94597,2022-04-27
907,106,Melissa Brown,Analyst,64093,2020-02-21
908,82,Mary Dixon,Manager,129508,2016-07-21
909,195,Roberto Dawson,Manager,116560,2019-06-11
910,139,Melissa Rodriguez,Engineer,112160,2017-12-09
911,36,Dennis Smith,Manager,63220,2018-12-06
912,145,Joseph Irwin,Engineer,149095,2022-11-20
913,118,Melvin Reynolds,Manager,130653,2019-02-25
914,127,Felicia Bailey,Engineer,114000,2020-05-10
915,114,Amy Rodriguez,Analyst,83884,2018-05-01
916,133,Jason Rodriguez,Specialist,50830,2016-07-20
917,28,Russell Phelps,Engineer,48681,2016-12-07
918,99,Christian Mclean,Manager,57103,2019-02-05
919,45,Brittany Mcdonald,Manager,71589,2022-10-14
920,111,Daniel Wallace,Manager,76403,2022-06-29
921,89,Gabriela Walters,Engineer,101711,2017-05-01
922,40,Jason Flowers,Manager,127997,2016-12-17
923,172,Devin Lee,Director,140490,2025-05-29
924,2,Clayton Gonzalez,Manager,120567,2025-08-24
925,59,Brittany Lynch,Director,92383,2022-04-05
926,55,Daniel Young,Engineer,126361,2018-12-08
927,169,Timothy Norton,Director,140004,2021-05-30
928,56,Mr. Devin Miranda Jr.,Analyst,131813,2022-09-28
929,79,Thomas Kemp,Analyst,83673,2021-02-10
930,174,Xavier Valencia,Specialist,120386,2026-02-01
931,58,Damon Rios,Specialist,122269,2023-05-06
932,183,Jacob Mullins,Manager,74230,2022-12-27
933,163,Ryan Soto,Analyst,118070,2021-10-11
934,93,Heidi Young,Engineer,58432,2023-01-22
935,26,Linda Frederick,Analyst,110746,2018-03-07
936,184,Robert King,Director,50851,2016-07-09
937,105,Melinda Thomas,Analyst,86401,2016-04-21
938,16,Lori Garrison,Specialist,58785,2024-12-16
939,103,Erin Hanson,Analyst,75035,2017-11-24
940,155,Michael Herrera,Manager,54839,2018-03-10
941,105,Michelle George,Analyst,136717,2018-09-10
942,55,Willie Mitchell,Specialist,126180,2023-06-01
943,144,Juan Santana,Director,126958,2023-02-15
944,10,Karen Pierce,Engineer,126922,2017-06-01
945,70,Stanley Vincent,Specialist,53145,2023-03-24
946,71,Erica Robinson,Analyst,94345,2025-02-08
947,153,Kyle Delacruz,Director,46791,2020-12-07
948,31,Mr. Thomas Neal,Engineer,129375,2017-03-22
949,149,Jonathon Jackson,Specialist,72573,2022-12-10
950,93,Kevin Willis,Engineer,145136,2023-03-03
951,61,Shannon Bright,Manager,81697,2024-04-21
952,113,Melissa Burns,Director,124287,2023-11-18
953,162,Charles Bell,Manager,60866,2016-05-21
954,3,William Mcneil,Engineer,121205,2020-10-30
955,173,Matthew Snyder,Engineer,128331,2019-06-13
956,167,Jacob Luna,Engineer,76506,2021-12-15
957,62,Stephanie Gonzalez,Analyst,83183,2020-11-08
958,99,Bobby Williams,Engineer,71745,2024-02-21
959,149,George Frederick,Engineer,61062,2019-09-23
960,117,Jeremy Palmer,Analyst,124114,2020-06-06
961,150,Brian Walters PhD,Manager,63508,2023-05-16
962,198,Yesenia Smith,Analyst,52442,2023-09-24
963,77,Kimberly Butler,Analyst,109907,2023-06-05
964,113,Jack Carter,Engineer,51173,2020-02-07
965,112,William Herrera,Analyst,118494,2021-07-04
966,191,Adam Boyd,Director,96553,2022-08-30
967,178,Carlos Sharp,Director,119222,2020-03-07
968,101,Andrea Manning,Manager,71603,2022-01-26
969,164,Elizabeth Sanchez,Specialist,146798,2016-08-24
970,68,Lorraine Lee,Manager,51405,2023-08-04
971,169,William Buchanan,Specialist,93859,2019-10-26
972,172,Patrick Clark,Analyst,73027,2018-01-28
973,191,James Jones,Director,137192,2024-07-09
974,17,Jaclyn Roberts,Manager,42736,2026-03-03
975,51,Kristy Moore,Engineer,82460,2022-09-30
976,15,Theresa Gilbert,Manager,119140,2018-09-14
977,21,Mark Nelson,Manager,60940,2019-09-11
978,105,Elizabeth Sanchez,Engineer,93434,2025-11-10
979,70,Joseph Cruz,Engineer,79273,2020-06-06
980,140,Robert Gordon,Manager,87320,2017-02-06
981,126,Kellie Mcknight,Manager,88314,2021-12-17
982,199,Jonathan Gutierrez,Director,43873,2024-10-20
983,53,Heather Wallace,Director,72895,2022-02-05
984,30,Kerry Dawson,Director,116067,2023-09-04
985,56,Alexander Hernandez,Engineer,129752,2019-02-08
986,31,Allison Krause,Analyst,107683,2020-10-30
987,154,Jeremy Davis DDS,Engineer,72325,2016-12-23
988,186,Donald Rosario,Manager,53475,2016-09-28
989,193,Scott Phillips,Analyst,143880,2020-04-02
990,28,Joseph Franklin,Analyst,117242,2017-04-14
991,25,Amanda Fuller,Director,92556,2017-10-03
992,161,Timothy Robinson,Manager,76476,2025-01-07
993,121,Scott Atkinson,Engineer,127021,2016-06-01
994,79,Kenneth Humphrey,Director,128786,2023-07-08
995,8,Craig Ayala,Manager,51854,2018-02-08
996,146,Lisa Ford,Specialist,127248,2019-08-30
997,115,Kelli Murphy,Manager,106673,2020-02-29
998,156,Logan Harris,Specialist,64944,2021-01-03
999,78,Angela Gray,Specialist,107290,2020-05-21
1000,86,Ruth Richards,Engineer,50650,2025-05-06
1001,180,Kara Thompson,Analyst,67702,2021-04-07
1002,133,Jennifer Evans,Analyst,73639,2024-04-01
1003,50,Julie Martinez,Engineer,109019,2024-03-13
1004,19,Stephen Chase,Manager,137549,2025-03-01
1005,120,Dana Mendez,Engineer,69739,2020-01-15
1006,104,Jeremy Gonzalez,Analyst,107180,2020-04-12
1007,111,Dean Miller,Manager,48036,2016-07-07
1008,176,Allison Ingram,Analyst,111879,2022-07-26
1009,96,Alexis Martinez,Engineer,82620,2024-08-29
1010,74,Jason Snyder,Manager,47189,2021-11-19
1011,113,Matthew Smith,Specialist,145793,2023-02-25
1012,147,Bradley Carey,Specialist,93402,2017-10-07
1013,35,Kirk Reeves,Engineer,120448,2022-12-20
1014,60,Caleb Fleming,Analyst,136381,2026-02-22
1015,77,Sharon Jackson,Analyst,70127,2019-03-06
1016,40,Kimberly Lopez,Engineer,101333,2020-04-04
1017,198,Sarah Francis,Engineer,119484,2025-05-04
1018,91,Willie Shaffer,Manager,132634,2018-07-13
1019,31,Jessica Patton,Analyst,64788,2022-04-01
1020,147,Jason Mckee,Specialist,91438,2017-06-28
1021,185,Jennifer Stephens,Director,135009,2020-11-11
1022,88,Jasmine Rogers,Manager,53966,2024-06-25
1023,164,Lauren Hogan,Specialist,141966,2025-11-24
1024,134,Michelle Mccormick,Director,127310,2016-05-21
1025,31,Susan Levine,Analyst,130663,2017-09-16
1026,154,Gregory Cervantes,Specialist,139497,2022-11-27
1027,84,Teresa Collins,Analyst,99147,2020-11-25
1028,176,Michael Hernandez,Analyst,110945,2016-08-28
1029,46,Jeffery Miranda,Director,146959,2016-04-11
1030,34,Richard Young,Specialist,49311,2021-03-27
1031,138,Katrina Yang,Engineer,72966,2023-03-12
1032,125,Angelica Ortiz,Director,46846,2023-03-06
1033,86,John Williams,Specialist,89679,2017-06-13
1034,163,Dylan Reed,Manager,79054,2017-07-31
1035,94,James Marsh,Director,88270,2024-04-22
1036,6,Cheryl Mcdaniel,Manager,79698,2016-12-11
1037,112,Billy Hill,Engineer,114554,2023-09-05
1038,75,April Gordon,Director,117714,2022-07-26
1039,64,Ashley Morgan,Manager,127461,2018-06-30
1040,36,Max Holmes,Manager,94644,2021-08-21
1041,13,Brian Sanchez,Manager,101814,2019-07-22
1042,100,Ryan Ayala,Analyst,80181,2022-07-02
1043,93,Brandon Rosales,Manager,133961,2024-09-22
1044,196,Tiffany Anderson,Manager,52858,2024-09-05
1045,37,Miranda Brown,Engineer,71794,2020-11-27
1046,123,Nicholas Patton,Specialist,69483,2023-09-18
1047,193,Barbara Brown,Analyst,133046,2022-08-12
1048,161,Carla Whitaker,Analyst,48084,2018-03-19
1049,188,Kathryn Jones,Engineer,141226,2023-05-28
1050,34,Richard Ford,Director,90470,2018-11-08
1051,39,Chelsea Carlson,Manager,46444,2022-03-11
1052,85,Holly Nguyen,Manager,72172,2018-01-08
1053,194,Lisa Johnson,Specialist,121503,2020-08-12
1054,73,Taylor Brandt,Engineer,131775,2025-11-18
1055,174,Heather Duncan,Director,133511,2022-09-23
1056,143,Matthew Palmer,Manager,135729,2025-02-18
1057,25,Brandy Taylor,Engineer,126323,2023-02-26
1058,104,Eric Raymond,Engineer,128453,2016-08-19
1059,25,Brandon Stephens,Manager,43150,2017-07-14
1060,54,Kari Smith,Manager,81171,2021-08-12
1061,10,Larry Brown,Analyst,104462,2025-06-30
1062,132,Benjamin Berry,Analyst,49544,2017-06-08
1063,115,Amber Russell,Engineer,52792,2023-04-10
1064,121,Christine Howard,Engineer,149619,2018-07-01
1065,119,William Sherman,Director,134418,2020-12-31
1066,186,Sandra King,Director,121687,2022-05-26
1067,51,Mrs. Jamie Reed,Engineer,146033,2016-08-15
1068,96,Lisa Cowan,Manager,142786,2025-04-26
1069,128,William Jones,Specialist,82142,2023-04-26
1070,177,Victoria Ramirez,Director,114767,2019-04-22
1071,89,Brandon Boyd,Manager,127901,2019-07-28
1072,33,Christopher Tyler DVM,Manager,149017,2019-08-17
1073,132,Christopher Rodriguez,Director,58878,2016-09-26
1074,127,Thomas Ross,Specialist,114408,2018-09-03
1075,122,Caroline Miller,Manager,144068,2024-09-27
1076,54,Willie Green,Manager,139118,2023-02-25
1077,160,Nicholas Fox,Analyst,91562,2020-09-13
1078,140,Tara Evans,Manager,95329,2018-01-26
1079,182,Cynthia Barry,Director,42205,2022-09-03
1080,99,Kelly Herrera,Analyst,132414,2019-04-24
1081,123,Jessica Davis,Analyst,85636,2019-11-07
1082,11,Patrick Edwards,Specialist,100611,2021-09-20
1083,158,Elizabeth Bowers,Manager,83201,2020-11-10
1084,162,Jennifer Lawson,Engineer,98136,2019-06-29
1085,50,Joshua Johnson,Analyst,106964,2016-03-19
1086,102,Nancy Hensley,Director,109981,2018-10-07
1087,16,Ian Sandoval,Engineer,74139,2023-02-12
1088,123,Jill Miller,Director,74627,2023-01-01
1089,41,Katelyn Johnson,Engineer,45307,2022-07-12
1090,17,Renee Sanchez,Specialist,63952,2022-11-05
1091,8,Lorraine Williams,Analyst,63842,2021-07-02
1092,145,Brandon Graham,Specialist,59853,2018-08-01
1093,81,Albert Mcguire,Manager,103197,2020-05-25
1094,59,Nicole Perry,Manager,140242,2025-03-22
1095,199,Julie James,Specialist,52242,2021-01-22
1096,97,Daniel Chan,Analyst,72211,2023-03-06
1097,96,Diane Harris,Engineer,60235,2020-12-15
1098,26,Jennifer Wilson,Director,87835,2024-08-05
1099,196,Kim Gonzalez,Specialist,94553,2021-06-18
1100,63,Ryan Miller,Specialist,43285,2017-02-15
1101,10,Brianna Delacruz,Analyst,103154,2024-12-22
1102,106,Michael James,Director,112996,2022-12-27
1103,53,Kimberly Kennedy,Engineer,87771,2019-08-24
1104,169,Jordan Romero,Analyst,103738,2021-01-28
1105,122,Devon Lee,Director,138046,2016-08-25
1106,99,David Mcbride,Engineer,95470,2018-03-17
1107,101,Elizabeth Logan,Manager,58082,2026-01-02
1108,48,Kayla Miller,Engineer,112236,2019-08-25
1109,189,Tracy Johnson,Specialist,111143,2020-07-21
1110,45,Kathryn Lambert,Manager,149992,2022-12-30
1111,184,Michael Bautista,Director,99029,2020-05-26
1112,9,Allison Martinez DVM,Engineer,127733,2021-02-04
1113,125,Andrew Bell,Analyst,140334,2025-07-01
1114,27,Virginia Vance,Specialist,99194,2020-07-03
1115,184,Angela Lee,Manager,100872,2024-04-04
1116,50,Robert Rojas,Director,65291,2018-08-10
1117,41,Dr. Robert Brown,Analyst,60394,2024-04-09
1118,137,Barbara Salazar,Manager,81603,2023-12-08
1119,62,Anthony King,Analyst,72463,2025-11-10
1120,153,Maxwell Gamble,Director,76123,2023-06-03
1121,142,George Rogers,Engineer,72416,2017-02-24
1122,104,Matthew Jones,Analyst,79006,2018-02-24
1123,58,Aimee Clarke,Engineer,122581,2023-09-11
1124,106,Heather Ingram,Director,70973,2021-10-25
1125,44,James Coleman,Specialist,149249,2017-03-05
1126,65,Adam Lewis,Engineer,74737,2020-01-24
1127,152,Albert Martinez,Director,72543,2016-06-26
1128,73,Jordan Clark,Director,141929,2018-12-12
1129,20,Dr. Pamela Hardin,Specialist,145620,2025-08-26
1130,26,Bianca Cook,Specialist,142094,2025-07-15
1131,161,Amanda Morris,Manager,138082,2022-09-20
1132,7,Michael Dennis,Analyst,107855,2018-09-18
1133,8,Robin Thompson,Analyst,135907,2024-10-22
1134,112,Jamie Johnson MD,Director,123101,2019-04-03
1135,75,Dr. Candice Cooper PhD,Director,107005,2020-10-18
1136,3,Rachel Serrano,Engineer,108742,2021-07-29
1137,16,David Sexton,Specialist,77287,2018-08-28
1138,134,Christopher Lee,Engineer,97751,2023-02-17
1139,153,Isabel Davenport,Manager,86658,2025-07-27
1140,30,Katherine Miranda,Engineer,141415,2021-11-03
1141,196,Earl Moore,Specialist,59759,2016-03-24
1142,35,Hunter Avila,Specialist,57084,2017-04-06
1143,158,Nichole Lewis,Director,95972,2018-07-01
1144,64,Ryan Mason,Director,92020,2018-09-25
1145,21,Ms. Sarah Lewis,Analyst,82603,2023-02-10
1146,75,James Wallace,Analyst,66876,2023-03-08
1147,116,Justin Donovan,Director,126239,2019-04-20
1148,158,Raymond Carr,Manager,134744,2025-04-15
1149,104,Lisa Garcia,Engineer,68572,2020-12-07
1150,193,Jordan Singh,Manager,65641,2021-11-06
1151,127,Melanie Pacheco,Manager,136234,2019-07-12
1152,17,Luke Stevens,Specialist,84862,2024-06-24
1153,193,Carlos Sampson,Analyst,47917,2025-12-05
1154,194,Catherine Horn,Director,69331,2017-02-17
1155,148,Elizabeth Moore,Engineer,80829,2020-11-25
1156,99,James Wells,Specialist,133858,2017-11-17
1157,48,Marissa Dennis,Director,101231,2021-08-06
1158,94,Dylan James,Specialist,135956,2023-08-16
1159,65,Lisa Nelson,Engineer,40283,2019-03-03
1160,176,Luke Baker,Analyst,76073,2018-07-10
1161,6,Keith Clark,Specialist,108016,2016-07-03
1162,77,Michael Murray,Engineer,142337,2024-04-11
1163,69,Laura Hansen,Manager,130031,2022-12-06
1164,199,Chris Montes,Engineer,68713,2016-08-31
1165,157,Heather Ramirez,Director,132773,2024-09-18
1166,156,Andrew Patterson,Engineer,106685,2017-12-31
1167,197,Pamela Richardson,Engineer,78245,2019-04-24
1168,16,Melissa Rodriguez,Director,123913,2016-09-22
1169,97,John Aguilar,Specialist,61996,2016-09-09
1170,184,Dale Haney,Specialist,52060,2020-05-01
1171,165,Phillip Chandler,Engineer,89160,2022-11-09
1172,84,Jessica Ellis,Analyst,139258,2017-10-29
1173,172,Jenny Leblanc,Specialist,136223,2019-02-19
1174,172,Misty Freeman,Director,96426,2016-07-10
1175,155,Timothy Harrington,Director,52011,2025-09-06
1176,134,Shane Smith,Analyst,139374,2017-02-16
1177,89,Blake Gallagher,Manager,147400,2017-05-22
1178,32,Valerie Bowman,Manager,102462,2017-09-02
1179,5,Raymond Flynn,Engineer,81330,2024-10-28
1180,62,Michael Barr,Director,124831,2018-07-26
1181,31,Thomas Scott,Specialist,58363,2020-08-06
1182,147,Robert Martin,Engineer,131703,2024-03-14
1183,8,Jose Jones,Engineer,47100,2022-12-09
1184,11,Crystal Hall,Engineer,46559,2017-07-18
1185,9,Tyler Knapp,Director,57327,2023-01-18
1186,116,Nina Rasmussen,Specialist,68964,2019-03-27
1187,193,Leonard Meyer,Manager,142165,2016-10-25
1188,122,Ian Tucker,Director,69304,2021-04-18
1189,48,Eric Acosta,Specialist,102729,2018-11-04
1190,81,Jessica Kramer,Director,88215,2021-04-19
1191,18,Cassandra Morgan,Director,144962,2023-04-03
1192,43,Crystal Stone,Engineer,130569,2020-09-09
1193,114,Katherine Branch,Engineer,129563,2022-05-26
1194,59,Kevin Trujillo,Analyst,99409,2022-08-31
1195,37,Angel Beasley,Analyst,112672,2019-04-24
1196,130,Christopher Thomas MD,Director,53074,2022-01-29
1197,23,Mary Webster,Director,93680,2021-10-10
1198,113,David Jones,Manager,108531,2022-07-14
1199,193,Alexandra Petersen,Engineer,79232,2021-10-25
1200,65,Edward Hicks,Manager,97145,2017-07-28
1201,9,David Perez,Director,138206,2023-02-13
1202,80,Yolanda Briggs,Manager,108632,2022-04-13
1203,12,Tammy Snyder,Engineer,145476,2016-05-04
1204,95,Catherine Bell,Analyst,134960,2024-10-26
1205,43,Brian Rodriguez,Analyst,138958,2025-04-22
1206,7,Elizabeth Phillips,Director,90705,2021-10-02
1207,138,Jennifer Johnson,Engineer,118880,2020-12-22
1208,96,Pamela Rose,Specialist,82027,2019-01-09
1209,85,Laura Lucas,Director,148568,2018-01-06
1210,55,Don Johnson,Engineer,122921,2020-07-30
1211,9,Matthew Wallace,Engineer,70729,2018-05-22
1212,82,Janet Thompson,Specialist,117354,2018-04-27
1213,95,Warren Dunn,Director,53721,2024-04-18
1214,153,Melissa Lee,Director,118744,2023-05-28
1215,191,Wesley Green,Director,60292,2023-03-06
1216,177,Brenda Barrera,Director,45292,2017-09-07
1217,65,Mark Santos,Engineer,81679,2018-09-16
1218,154,Jeffrey Sullivan,Engineer,135935,2021-09-20
1219,66,Allison Gomez,Manager,122723,2020-02-23
1220,45,Sydney Fleming,Specialist,122598,2023-12-23
1221,196,Ronald Brown,Manager,70820,2023-04-15
1222,165,Randy Smith,Analyst,44921,2025-09-12
1223,162,Kimberly Norman,Manager,139934,2024-11-08
1224,1,Zachary Willis,Director,67952,2019-12-24
1225,55,Kenneth Watson,Manager,77729,2022-02-20
1226,54,Philip Brown,Specialist,95421,2021-02-19
1227,42,Miranda Campbell,Specialist,102254,2019-06-17
1228,105,Chase Olsen,Director,54086,2022-03-30
1229,143,Patricia Bailey,Manager,71639,2019-02-04
1230,30,Lisa Huffman,Engineer,119101,2018-03-30
1231,162,Thomas Hines,Specialist,79448,2018-10-30
1232,153,Jason Sweeney,Analyst,84223,2020-01-15
1233,64,Joseph Flores,Specialist,90694,2017-02-19
1234,68,Anthony Roy,Analyst,77520,2018-11-05
1235,167,John Garrett,Engineer,54413,2016-06-23
1236,160,Angela Glass,Analyst,104495,2017-06-16
1237,27,Kimberly Payne DVM,Specialist,47511,2016-07-21
1238,135,Laurie Miranda,Director,103372,2022-09-29
1239,167,Darrell Ward,Director,125688,2024-11-17
1240,159,Damon Ramos,Manager,43413,2019-07-31
1241,109,Joseph Silva,Analyst,51849,2024-03-03
1242,135,Carl May,Specialist,46477,2016-03-25
1243,159,Jeremy Bradley,Director,42510,2017-07-26
1244,108,Javier James,Specialist,48943,2016-12-20
1245,12,Diana Zavala,Analyst,130977,2023-03-17
1246,15,Alan Dominguez,Specialist,54343,2016-04-23
1247,69,Vincent Miller,Director,96517,2022-04-26
1248,80,Hannah Mullen,Manager,127910,2023-10-25
1249,145,Dean Carr,Engineer,141541,2025-08-29
1250,52,John Jackson,Manager,51495,2017-09-12
1251,153,Jacqueline Frye,Manager,65054,2025-02-07
1252,187,Brett Miller,Analyst,74822,2023-06-07
1253,85,Kim Stevens,Manager,43370,2021-03-17
1254,121,Jessica Taylor,Manager,103820,2020-09-03
1255,170,Mark Richardson,Engineer,106256,2021-01-29
1256,18,Tina Thomas,Specialist,132976,2024-04-20
1257,17,Lawrence Carroll,Engineer,130464,2021-03-15
1258,53,Luis Larson,Engineer,50375,2023-11-22
1259,120,Miss Courtney Thompson,Engineer,101633,2024-12-03
1260,192,Linda Barnett,Manager,129764,2019-01-31
1261,15,Dennis Sanders,Manager,119875,2020-05-31
1262,57,Mr. Alex Carlson,Engineer,87743,2025-01-10
1263,158,Jesse Brown,Director,44212,2023-02-27
1264,183,Michael Phelps,Specialist,127926,2020-01-12
1265,141,Richard Castillo,Manager,130064,2021-01-03
1266,22,Nicholas Lambert,Engineer,66981,2020-06-26
1267,162,Thomas Mendez,Specialist,46973,2022-08-26
1268,35,Glen Pierce,Manager,92401,2018-01-08
1269,183,Heather Carter,Specialist,106776,2018-07-20
1270,161,Hailey Zhang,Manager,68572,2025-01-08
1271,35,Carolyn Valdez,Engineer,139720,2019-10-08
1272,78,Matthew Daniels,Director,65402,2022-11-25
1273,180,Laura Brown,Director,54839,2025-09-27
1274,199,Tina Hoffman,Analyst,147919,2025-06-30
1275,108,Brooke Jones,Director,91427,2018-10-03
1276,152,Albert Reed,Analyst,95291,2021-08-26
1277,1,Victoria Williams,Analyst,140235,2019-02-21
1278,90,Sandy Evans,Director,143983,2019-08-20
1279,162,Curtis Fry,Manager,51313,2019-08-24
1280,161,Carlos Baird,Manager,45821,2016-04-13
1281,91,James Greene,Specialist,94874,2022-04-29
1282,25,Adam Collins MD,Engineer,105355,2021-04-29
1283,150,Nicholas Nguyen,Analyst,82817,2016-10-27
1284,188,Jill Sanchez,Engineer,61978,2017-11-03
1285,170,Kyle Klein,Engineer,102355,2021-03-29
1286,143,Randy Watts,Specialist,123007,2021-02-28
1287,161,Karen Perez,Analyst,93048,2016-12-17
1288,80,Todd Kent,Director,128930,2025-09-10
1289,78,Michelle Davies,Manager,47626,2020-11-20
1290,134,Ashley Conley,Director,88910,2023-06-27
1291,112,Tammy Mahoney,Specialist,95977,2023-07-26
1292,157,Hannah Shea,Analyst,75011,2022-05-03
1293,111,Ashley Gonzales,Specialist,76281,2016-05-29
1294,86,Rachel Meyer,Director,74400,2024-01-24
1295,35,Stephen Dominguez,Engineer,82755,2025-08-12
1296,141,Jesse Martin,Engineer,132458,2025-11-11
1297,14,Bruce Alexander,Analyst,108975,2022-03-15
1298,42,Jennifer Taylor,Director,60724,2017-12-19
1299,145,Tiffany Watts,Specialist,146754,2021-06-06
1300,188,Jason Gutierrez,Manager,48997,2025-07-03
1301,123,Kathy Harper,Manager,104319,2017-12-05
1302,130,Travis Scott,Engineer,112323,2022-09-28
1303,85,John Martin,Analyst,138749,2022-11-17
1304,149,Jessica Hansen,Specialist,50471,2025-09-03
1305,141,Melissa Martin,Manager,63162,2018-04-17
1306,13,Brian Graham,Analyst,94723,2018-12-13
1307,151,Samantha Davis,Manager,50629,2017-12-25
1308,6,Travis Dougherty,Engineer,92528,2021-02-27
1309,181,Paul Moore,Specialist,88071,2018-08-17
1310,91,Kelli Hogan,Manager,71559,2023-11-09
1311,78,Jeremy Johnson,Specialist,128425,2021-06-23
1312,41,Mary Flores,Director,122375,2024-12-04
1313,99,Tanya Hernandez,Specialist,114326,2020-04-14
1314,191,Frank Williams,Engineer,123786,2017-05-19
1315,118,Michael Yoder,Engineer,115797,2019-02-17
1316,185,Vickie Villegas,Director,135393,2023-11-28
1317,145,Michael Higgins,Analyst,142347,2017-03-21
1318,103,Heather Sims,Engineer,145172,2024-08-23
1319,172,Kristin White,Engineer,87584,2018-09-11
1320,163,Shannon Fletcher,Specialist,46422,2023-09-15
1321,167,Angela Gardner,Analyst,106590,2023-04-04
1322,100,Daniel Lucero,Director,88493,2017-09-14
1323,133,Brenda Hunt,Specialist,105802,2019-07-01
1324,42,Katherine Jordan,Specialist,131406,2022-06-14
1325,154,Ruth Boyd,Director,147484,2019-02-22
1326,196,Jason Ferguson,Manager,96752,2018-03-29
1327,195,Robert Green,Analyst,66666,2025-10-16
1328,71,Jennifer Cox,Manager,128632,2021-11-06
1329,128,Erin Perez,Specialist,78674,2024-12-28
1330,182,Jesus Fleming,Analyst,43919,2025-10-21
1331,30,Paul Carlson,Analyst,50847,2018-03-04
1332,182,Deanna Hanson,Manager,50502,2021-12-27
1333,123,Beth Jacobson,Specialist,128364,2024-08-09
1334,65,Tammy Obrien,Specialist,132524,2019-03-25
1335,175,Rachel Jackson,Director,97839,2018-10-30
1336,117,Valerie Cochran,Specialist,143767,2020-01-22
1337,100,Eric Vasquez,Engineer,130290,2025-03-15
1338,182,Jessica White,Specialist,118600,2024-07-07
1339,24,Victor Whitehead,Analyst,137002,2017-09-22
1340,173,Donna Hernandez,Director,47591,2019-09-29
1341,98,Robert Reilly,Director,76663,2021-09-04
1342,125,Michael Pittman,Engineer,110590,2019-11-04
1343,4,Christopher Joseph,Analyst,67260,2025-07-05
1344,146,Angela Henderson,Manager,90948,2024-10-03
1345,98,Joshua Campbell,Manager,82475,2021-06-06
1346,35,Eugene Harvey,Director,78453,2021-04-14
1347,130,Samantha Wade,Director,101979,2016-09-28
1348,186,Mandy Maldonado,Analyst,97339,2023-01-19
1349,107,Lauren Barnes,Director,60912,2020-09-05
1350,14,Nicholas Ruiz,Analyst,89587,2023-09-10
1351,23,Kevin Duncan,Engineer,46061,2021-01-13
1352,9,Keith Jones,Director,40755,2021-01-29
1353,20,Mr. Chris Griffith,Director,85663,2024-01-01
1354,144,Robert Flowers,Analyst,108257,2017-09-26
1355,184,Michael Jones,Director,71995,2020-07-15
1356,140,Melanie Hansen,Director,118902,2023-08-20
1357,78,Katherine Stewart,Specialist,71082,2019-11-03
1358,180,William Stone,Director,129785,2020-07-01
1359,76,Lawrence Kennedy,Manager,138873,2022-11-07
1360,46,Caroline Mcgee,Engineer,113999,2022-07-02
1361,169,Eric Madden,Manager,78716,2025-03-07
1362,123,Dennis Yu MD,Analyst,96014,2022-12-01
1363,26,Ashley Stevenson,Specialist,97717,2017-09-22
1364,91,Pamela Mcdonald,Manager,63302,2017-08-27
1365,178,Jenny Washington,Specialist,115506,2016-11-20
1366,44,Curtis Schmidt,Specialist,88629,2022-09-01
1367,19,Bailey Patton,Manager,129616,2025-12-25
1368,108,Sarah Martin,Specialist,74048,2017-11-25
1369,99,Justin Callahan,Specialist,50616,2023-02-18
1370,173,Stephanie Sanchez,Specialist,40983,2019-05-11
1371,57,Christopher Lopez,Engineer,61447,2019-10-10
1372,71,Alan Shields,Manager,106136,2025-08-26
1373,43,Lindsey Hart,Analyst,89708,2022-01-14
1374,130,Michael Salazar,Engineer,127331,2026-01-26
1375,65,James Hamilton,Manager,73116,2026-03-09
1376,110,Ruben Thomas,Director,45017,2021-11-23
1377,120,Ronald Noble,Specialist,132671,2020-09-26
1378,126,Kristina Garcia,Specialist,80434,2017-06-29
1379,32,William Hernandez,Analyst,113464,2018-06-17
1380,146,Billy Morales,Manager,98007,2024-09-29
1381,67,Pamela Anderson,Specialist,75319,2017-04-13
1382,68,Lydia Bryan,Engineer,141448,2018-05-10
1383,65,Scott Neal,Analyst,70176,2016-11-02
1384,134,Jeremy Perez,Specialist,127846,2021-03-04
1385,5,Jonathan Mason,Manager,67074,2022-09-08
1386,135,Adam Smith,Director,45529,2022-01-13
1387,76,Claire Contreras,Analyst,85733,2022-08-08
1388,36,John Rowe,Specialist,106180,2017-10-20
1389,190,Gene Williams,Director,55371,2021-01-17
1390,183,Mr. Wyatt Carpenter Jr.,Specialist,133518,2025-07-31
1391,109,Robert Hall,Manager,68868,2024-01-05
1392,188,Roger Davis,Manager,40065,2017-06-25
1393,160,Stephanie Baker,Director,79310,2020-12-10
1394,99,Connie Jones,Analyst,111419,2020-01-29
1395,195,Victoria Martin,Analyst,135638,2021-01-26
1396,151,Heather Mcgee,Specialist,117080,2017-11-22
1397,79,Erica Crawford,Analyst,67339,2025-09-07
1398,188,Roberta Carter,Analyst,145252,2021-05-31
1399,21,Toni Howard,Director,95424,2025-08-11
1400,193,Miss Amanda Walker,Analyst,98430,2026-02-20
1401,178,Martin Blackwell,Director,57417,2024-02-21
1402,104,Karen Thompson,Analyst,69495,2024-01-12
1403,177,Luis Thompson,Analyst,147487,2025-04-18
1404,160,Michelle Chang,Analyst,60219,2016-11-26
1405,29,Tiffany Schmidt,Director,111177,2024-12-14
1406,25,Derek Salazar,Engineer,141785,2023-09-09
1407,192,James Jackson,Engineer,65885,2021-06-10
1408,98,Chelsey King,Analyst,55472,2019-02-24
1409,156,James Gutierrez,Analyst,68217,2017-01-04
1410,64,Summer Steele,Manager,105714,2017-03-28
1411,127,Holly Williams,Specialist,126049,2017-07-15
1412,92,Kimberly Ray,Engineer,93151,2021-02-25
1413,6,Tony Anderson,Manager,94193,2019-10-14
1414,14,Dr. Lisa Smith,Director,44241,2018-09-25
1415,46,Karen Ferguson,Manager,144768,2021-06-02
1416,3,Lisa Rodriguez,Manager,98326,2025-12-24
1417,33,Cory Edwards,Engineer,98592,2023-09-17
1418,154,Jesus Green,Manager,121502,2020-05-07
1419,93,Nathaniel Olson,Analyst,133877,2021-07-08
1420,147,Elizabeth Hill,Manager,52045,2017-07-18
1421,115,Robert Mendoza,Analyst,45563,2020-01-04
1422,39,David Harper,Specialist,95310,2019-03-06
1423,118,Brandon Terry,Manager,110661,2024-02-14
1424,100,Mr. Dean Rose,Analyst,145613,2021-02-11
1425,4,Donald Martin,Director,46677,2023-09-28
1426,146,Adam Acosta,Manager,68003,2024-01-21
1427,19,David York,Engineer,79661,2016-04-25
1428,117,Laura Blackwell,Manager,50504,2024-06-05
1429,58,Laura Newton,Manager,118620,2024-04-01
1430,32,Roger Werner,Director,94884,2020-08-26
1431,184,Taylor Dillon,Analyst,114819,2017-06-16
1432,29,Sean Lowe,Specialist,110630,2021-11-26
1433,5,Tammy Rivera,Director,67265,2018-02-25
1434,45,Heather Lang,Director,82352,2025-10-27
1435,67,Veronica Harding,Manager,44380,2022-02-04
1436,189,James Thompson,Engineer,139297,2017-12-31
1437,103,Jacob Guerra,Analyst,129784,2021-12-23
1438,120,Jose Erickson,Director,72388,2016-10-15
1439,127,Ryan Brown,Specialist,74324,2018-09-16
1440,56,April Jones,Specialist,54865,2019-04-22
1441,70,Gregory Rojas,Analyst,58524,2018-01-04
1442,94,Trevor Clements,Analyst,142218,2022-04-20
1443,86,Joseph Hancock,Engineer,110291,2017-03-26
1444,127,Stephanie Wilson,Analyst,54625,2024-05-22
1445,46,Marie Wood,Specialist,114951,2018-04-18
1446,31,Roy Clayton,Engineer,110930,2018-01-08
1447,164,Catherine Haley DDS,Analyst,105662,2018-12-19
1448,76,Justin Bird,Analyst,121961,2023-10-08
1449,197,Christopher Conner,Engineer,107654,2020-01-12
1450,193,Jonathan Freeman,Director,119033,2020-08-22
1451,134,Julie Marsh,Analyst,93500,2020-05-21
1452,107,Eric Villarreal,Director,125911,2023-07-13
1453,190,Michele Garcia,Analyst,53830,2019-06-18
1454,14,Antonio Nguyen,Manager,111346,2016-07-17
1455,54,Matthew Holt,Engineer,40382,2024-09-05
1456,77,Jessica Snyder,Specialist,100294,2021-08-15
1457,199,Valerie Kelley,Analyst,127128,2022-07-10
1458,94,Michael Walker,Engineer,142652,2022-08-16
1459,16,Ryan Peterson,Specialist,45685,2017-11-25
1460,32,Yolanda Jones,Director,63992,2022-07-09
1461,129,Dominique Barnes,Director,131217,2021-02-02
1462,133,Jeffrey Diaz,Director,48831,2020-08-09
1463,118,Meredith Russell,Engineer,141791,2017-11-01
1464,34,Vicki Nelson,Manager,147345,2021-07-03
1465,199,Theodore Hill PhD,Specialist,41383,2018-12-11
1466,147,Danny Myers,Analyst,60091,2022-10-24
1467,148,Jon Campbell,Specialist,70192,2017-06-11
1468,100,John Chen,Specialist,105151,2020-11-17
1469,191,James Keith,Director,131538,2022-06-30
1470,81,Jessica Brennan,Analyst,43383,2017-10-19
1471,171,Mrs. Christina Potts,Specialist,61594,2024-10-30
1472,179,Dr. Jamie Nelson,Analyst,88924,2020-09-13
1473,141,Crystal Reed,Analyst,96292,2021-05-12
1474,134,Diana Wright,Engineer,68837,2025-05-12
1475,76,William Ponce,Director,134775,2017-12-21
1476,169,James Ford,Specialist,45664,2024-02-11
1477,4,Katie Bailey,Analyst,54436,2024-04-11
1478,158,Katherine Marquez,Analyst,99472,2023-11-08
1479,72,Kayla Terry,Analyst,79944,2016-06-17
1480,73,Justin Moore,Manager,78015,2026-02-15
1481,110,Laurie Figueroa,Manager,95231,2022-01-20
1482,154,Jason Allen,Director,96125,2020-09-25
1483,128,Andrew Ramirez,Specialist,50769,2025-05-15
1484,90,Thomas Schaefer,Specialist,61527,2017-11-14
1485,64,David Brown,Manager,46274,2025-01-04
1486,62,Brenda Frazier,Analyst,47486,2021-12-30
1487,180,Kenneth Schultz,Director,77608,2021-03-26
1488,188,Gregory Patel,Engineer,133874,2020-01-19
1489,163,Shari Hale,Analyst,124943,2020-01-04
1490,59,Timothy Watson,Analyst,56337,2017-10-07
1491,4,Jennifer Heath,Manager,109756,2024-04-07
1492,25,Juan Wood,Specialist,134417,2019-03-18
1493,185,Crystal Summers,Director,78361,2024-05-14
1494,144,John Nelson,Engineer,62267,2026-03-11
1495,151,Rebecca Salazar,Engineer,83770,2019-09-07
1496,96,Brian Ross,Director,131402,2021-08-03
1497,59,Cody Richardson,Engineer,46702,2019-02-02
1498,21,Cynthia Cross,Engineer,107344,2023-05-11
1499,5,Samantha Leonard,Director,117469,2019-03-09
1500,96,Karen Smith,Engineer,51475,2019-01-29
1501,88,Alison Bautista,Analyst,131099,2025-06-17
1502,140,James Rivers,Analyst,116677,2018-02-12
1503,136,Andrew Espinoza,Specialist,116539,2023-04-14
1504,185,Christina White,Engineer,92127,2022-10-18
1505,72,Alan Smith,Manager,128255,2020-09-06
1506,115,Susan Morris,Engineer,72770,2024-06-03
1507,53,Barbara Kelly,Director,126477,2019-03-04
1508,178,Travis Taylor,Analyst,89455,2021-07-26
1509,173,Mary Pineda,Director,117689,2024-12-08
1510,138,Brett Lee,Manager,87731,2017-09-28
1511,195,Samuel Terrell,Specialist,74792,2020-06-13
1512,19,Hector Smith,Engineer,101658,2021-07-06
1513,50,Russell Sampson,Manager,71738,2018-08-16
1514,50,Karen Bennett,Specialist,88440,2025-05-29
1515,168,Michele Walker,Specialist,110347,2025-11-11
1516,60,Kayla Smith,Director,48782,2016-03-23
1517,132,Keith Wood,Director,134919,2024-03-10
1518,52,Daisy Murphy,Manager,107863,2024-07-14
1519,178,Michael Hughes,Director,121081,2017-11-11
1520,176,Heather Massey,Director,122306,2024-01-08
1521,70,Elizabeth Bryan,Director,101958,2021-04-16
1522,20,Angela Wyatt,Director,95681,2024-09-05
1523,79,Amy Mcdonald,Engineer,54497,2020-02-27
1524,56,Carl Johnson,Director,96892,2017-01-11
1525,80,Randy Wright,Analyst,84971,2018-07-09
1526,92,Steve Smith,Engineer,138416,2019-05-27
1527,74,Kimberly Brown MD,Engineer,52888,2017-03-09
1528,67,Tracy Rodriguez,Manager,98600,2026-01-15
1529,158,James Marsh,Analyst,40929,2021-12-01
1530,74,Megan Mendez,Analyst,69366,2020-10-29
1531,133,Jessica Roman,Analyst,99422,2020-02-26
1532,50,Andrew Ross,Engineer,111221,2016-10-13
1533,58,Natalie Schmidt,Director,98311,2017-06-25
1534,91,Douglas Baker,Specialist,76437,2023-06-12
1535,3,Corey Hernandez,Director,103808,2025-05-25
1536,101,Paul Myers,Director,86875,2025-06-02
1537,40,Jacob Hall,Director,146868,2024-08-02
1538,137,Kathryn Cox,Manager,52974,2024-08-12
1539,77,Michael Brown,Analyst,80665,2023-12-01
1540,170,Alexander Patel,Specialist,133839,2024-01-30
1541,123,Amanda Johnson,Manager,122157,2018-05-17
1542,152,John Schultz,Analyst,52447,2016-10-17
1543,117,Christopher Brooks,Engineer,68540,2025-05-25
1544,191,William Miller,Specialist,71968,2023-01-20
1545,118,Andrew Chavez MD,Manager,133015,2024-10-13
1546,34,Patricia Strickland,Director,59007,2017-06-01
1547,177,Deborah Lloyd,Specialist,135951,2025-12-21
1548,2,Angela Roth,Manager,131190,2021-01-31
1549,114,Carrie Barron,Director,124545,2016-05-03
1550,192,Elizabeth Johnson,Analyst,114850,2017-10-29
1551,27,Jonathan Haynes,Specialist,86116,2019-06-24
1552,8,Pamela Watkins,Analyst,140744,2019-09-21
1553,111,David Todd,Analyst,43182,2023-12-17
1554,130,Amanda Ramirez,Director,121544,2023-03-07
1555,155,Cole Mccullough,Director,145221,2021-06-06
1556,103,William Klein,Director,140561,2018-06-27
1557,30,Timothy Foster,Director,127492,2018-08-02
1558,81,Cindy Thomas,Director,84670,2025-05-03
1559,98,Kathy Potts,Analyst,91248,2019-09-30
1560,164,Thomas Davis,Director,45409,2016-03-11
1561,155,Mark Ford,Director,99630,2018-06-09
1562,187,Brian Kelly,Engineer,60482,2023-07-21
1563,19,Robert White,Engineer,82300,2016-08-26
1564,121,David Ryan,Manager,127507,2016-10-09
1565,70,Jordan Gay,Specialist,84824,2017-01-29
1566,39,Susan Smith,Manager,137248,2025-09-30
1567,24,Natalie Smith,Engineer,114926,2020-11-09
1568,65,Gwendolyn Shannon,Analyst,71169,2018-06-30
1569,59,Lynn Williams,Specialist,122628,2017-06-09
1570,8,Christopher Conrad,Manager,99115,2022-05-21
1571,133,Brittney Bell,Manager,140871,2021-09-23
1572,160,Mark Jackson,Director,84851,2018-11-30
1573,184,Dorothy Chang,Engineer,71414,2024-02-29
1574,74,John Stevens,Engineer,105474,2025-04-22
1575,57,Anthony Joseph,Director,85318,2023-02-08
1576,167,Lisa Thompson,Engineer,99883,2024-09-04
1577,114,John Kim,Manager,49786,2016-07-12
1578,63,Miss April Lee PhD,Engineer,56949,2019-12-22
1579,90,Taylor Hill,Director,127378,2025-10-17
1580,197,Ann Allen,Engineer,109877,2019-10-10
1581,135,Dawn Johnson,Analyst,83757,2022-02-18
1582,178,Jeffery Smith,Analyst,148639,2017-05-09
1583,110,David Haney,Director,128629,2022-10-27
1584,141,Tracy Nelson,Director,103487,2018-05-20
1585,21,Cheryl Graham,Manager,68260,2020-10-04
1586,191,Dawn Nguyen,Director,142517,2016-07-05
1587,103,Jessica Payne,Director,61045,2019-04-03
1588,29,David Curry,Analyst,134190,2017-04-28
1589,70,Jason King,Specialist,142051,2018-01-03
1590,64,Cameron Jennings,Director,133454,2023-04-19
1591,13,Casey Wilcox,Manager,129492,2022-09-18
1592,104,Kendra Ramirez,Director,71200,2020-11-04
1593,17,Sandra Shaw,Manager,112898,2021-03-30
1594,8,Danielle Coleman,Specialist,129068,2019-01-02
1595,45,Helen Hicks,Analyst,140915,2023-04-16
1596,149,Holly Sampson,Manager,91519,2021-02-26
1597,12,Christopher Williams,Engineer,106076,2021-09-18
1598,91,Brandi Rodriguez,Engineer,130532,2021-08-27
1599,7,Latoya Hicks,Engineer,89871,2018-09-28
1600,126,Tracy Chan,Manager,76009,2017-05-02
1601,159,Edward Thompson,Engineer,95935,2021-02-02
1602,36,Anna Spencer,Specialist,73265,2020-05-20
1603,61,Terry Valdez,Manager,71055,2022-07-19
1604,104,Thomas Smith,Director,72479,2016-11-26
1605,41,Amy Patrick,Engineer,51564,2021-01-17
1606,165,Isaiah Baker,Specialist,55829,2016-06-28
1607,190,Marissa Whitehead,Director,88110,2017-05-08
1608,178,Scott Thornton,Manager,135810,2019-04-15
1609,142,Chad Orr,Analyst,65280,2019-05-17
1610,162,Austin Payne,Manager,67091,2026-01-10
1611,18,Kimberly Arnold,Manager,141548,2020-06-05
1612,46,Danny Mcmillan,Engineer,86986,2022-03-11
1613,31,Christopher Alexander,Director,73431,2026-02-28
1614,178,Amy Levine,Specialist,75129,2022-02-20
1615,134,Valerie Brock,Engineer,67092,2019-12-23
1616,31,Sharon Grimes,Analyst,139631,2025-10-02
1617,83,Christine Robinson,Analyst,52263,2025-09-16
1618,167,Albert Lawrence,Director,132143,2023-03-04
1619,147,Nicole Thompson,Analyst,149938,2020-08-02
1620,111,Vanessa Fisher,Specialist,108183,2017-02-21
1621,54,Miss Karen Perkins,Manager,55796,2025-08-30
1622,50,Tami Thompson,Engineer,78979,2021-06-14
1623,130,Alex Hardy,Analyst,88187,2018-03-26
1624,198,Ryan Beasley,Manager,46853,2023-05-30
1625,17,Tony Smith,Engineer,140627,2017-04-08
1626,69,Brooke Baxter,Specialist,117327,2023-06-10
1627,60,Laura Carter,Specialist,138128,2023-04-28
1628,176,Noah Gomez,Specialist,86231,2022-10-23
1629,12,Sarah Gaines,Analyst,145085,2020-07-12
1630,175,Steven Valdez,Engineer,85954,2021-05-14
1631,154,Angela Jones,Manager,130242,2020-05-03
1632,91,Daniel Barajas,Analyst,89896,2022-01-12
1633,92,Marissa Durham,Engineer,92314,2022-01-01
1634,7,Erin Gaines,Manager,134661,2023-03-13
1635,32,Kristin Wilcox,Analyst,70801,2021-05-11
1636,108,Kayla Harmon,Specialist,88407,2016-11-14
1637,180,Lauren Williams,Analyst,140674,2023-04-30
1638,37,Rebecca Howard,Director,134248,2017-03-08
1639,58,Jennifer Salazar,Engineer,114548,2020-09-12
1640,107,Garrett Nelson,Manager,107665,2019-09-09
1641,97,Allison Reynolds,Engineer,123108,2016-05-16
1642,102,Autumn Johnson,Engineer,99800,2025-02-19
1643,35,Micheal Hamilton,Specialist,126750,2018-05-17
1644,76,Lauren Rivas,Specialist,60209,2023-11-25
1645,47,Allison Ingram,Engineer,145566,2025-01-08
1646,75,Kevin Oconnell,Manager,110409,2017-03-13
1647,166,Ricky Thompson,Manager,46220,2020-02-24
1648,8,Linda Smith,Engineer,85409,2023-04-03
1649,119,Shelby Johnson,Director,125326,2022-08-29
1650,171,Leon Love,Manager,84876,2024-10-27
1651,151,Matthew Solomon,Specialist,118522,2021-06-09
1652,73,Eric Gomez,Engineer,64128,2018-05-19
1653,199,Christopher Collins,Engineer,61892,2024-08-13
1654,199,Larry Wright,Director,108545,2018-03-23
1655,197,Benjamin Price,Director,72205,2025-05-25
1656,157,Lisa Haynes,Manager,129465,2017-04-26
1657,187,Anna Bailey,Director,65456,2018-03-01
1658,142,Charles Pittman,Specialist,99775,2020-03-06
1659,20,Regina Lam,Analyst,74273,2023-12-31
1660,103,Brandon Chambers,Manager,54172,2023-09-08
1661,4,Danielle Martin,Specialist,89032,2018-10-27
1662,111,Jessica Campbell,Manager,60354,2022-09-18
1663,95,Michelle Turner,Analyst,117352,2024-09-08
1664,172,Amy Willis,Manager,135448,2017-09-22
1665,101,Tanya Reeves,Specialist,93643,2025-05-29
1666,155,Brian Burke,Manager,57382,2017-12-29
1667,51,Craig Vasquez,Engineer,51792,2025-05-02
1668,171,Miss Andrea Swanson,Engineer,40802,2021-02-24
1669,55,Debra Rivera,Director,48505,2021-09-16
1670,119,Mrs. Connie Stevens,Analyst,138270,2024-03-27
1671,68,Paula Skinner,Analyst,129201,2016-06-13
1672,135,Christopher Sanchez,Analyst,67817,2022-11-09
1673,137,Matthew Travis,Analyst,47188,2019-09-04
1674,25,Mario Smith,Manager,145511,2025-05-09
1675,113,Carol Blake,Analyst,124406,2019-05-09
1676,22,Sharon Young,Specialist,64764,2023-07-30
1677,11,Samuel Serrano,Analyst,97510,2021-02-26
1678,126,James Nguyen,Analyst,140584,2018-01-27
1679,134,David Mooney,Specialist,43724,2021-10-13
1680,134,Adrian Mcdonald,Specialist,118601,2020-01-18
1681,36,Curtis Norton,Analyst,88639,2025-06-04
1682,182,John Bailey,Engineer,69839,2016-11-20
1683,40,Miss Donna Clark,Director,89469,2017-02-16
1684,171,James Smith,Director,48274,2022-10-21
1685,6,Jorge Miller,Analyst,114308,2024-12-24
1686,94,Mark Liu,Director,119725,2022-03-08
1687,17,Maria Stone,Specialist,42573,2019-03-16
1688,88,Angela Bowman DDS,Specialist,51252,2026-02-09
1689,40,Austin Keith,Director,53665,2021-11-04
1690,98,Eric Callahan,Director,146044,2019-02-12
1691,129,Oscar Ford,Manager,122096,2025-08-18
1692,174,Rebecca Hart,Director,82369,2018-06-20
1693,184,Samuel Davila,Analyst,73095,2020-06-16
1694,37,Richard Williams,Manager,58542,2024-10-18
1695,46,Jason Barnett,Engineer,40084,2021-07-30
1696,198,Alex Holmes,Specialist,71753,2017-08-20
1697,79,Benjamin Keith,Manager,86788,2022-02-03
1698,93,John Coffey,Director,130944,2019-11-04
1699,135,Molly Maldonado,Manager,128048,2019-11-02
1700,173,Vanessa Melton,Engineer,77694,2026-02-07
1701,102,Charles Phillips,Director,50620,2023-07-05
1702,118,Michael Richardson,Manager,100224,2025-07-10
1703,109,Trevor Barnett,Analyst,40077,2022-05-05
1704,61,Troy Williamson,Manager,134168,2019-10-03
1705,30,Jo Patel,Manager,52701,2025-06-27
1706,69,Alex Quinn,Engineer,43083,2019-02-15
1707,80,Kelly Wood,Specialist,73511,2026-01-14
1708,199,Scott Diaz,Manager,87525,2019-05-05
1709,180,Randall Martinez,Specialist,113273,2018-11-15
1710,87,Robert Lloyd,Analyst,147937,2025-02-05
1711,169,Cassidy Dennis,Manager,45116,2024-11-10
1712,115,Kimberly Norman,Analyst,79998,2020-04-14
1713,83,Betty Cline,Director,129801,2020-01-08
1714,24,Katie Briggs,Engineer,148110,2020-04-06
1715,117,Michelle Hines,Engineer,114227,2022-12-03
1716,199,Justin Evans,Analyst,146991,2016-12-20
1717,100,Michael Hernandez,Specialist,131426,2020-11-26
1718,15,Thomas Robertson,Engineer,134327,2020-03-26
1719,53,Jasmine Kim,Manager,52628,2016-07-31
1720,110,Dawn Li,Engineer,44005,2023-06-08
1721,177,James Dean,Specialist,58941,2024-11-17
1722,136,Vanessa Santiago,Engineer,69325,2022-12-23
1723,172,Gregory Crosby,Manager,92891,2019-07-08
1724,190,Amanda Johnson,Manager,145355,2021-10-06
1725,15,Teresa Dyer,Specialist,54855,2022-10-18
1726,200,Jeremy Owens,Specialist,82739,2021-01-28
1727,30,Evan Collins,Engineer,47935,2024-09-04
1728,197,Michael Garcia,Engineer,145573,2020-11-13
1729,19,Tristan Davis,Engineer,78294,2023-10-10
1730,114,Kimberly Alvarado,Specialist,48093,2025-03-20
1731,99,Erin Harris,Director,124901,2018-04-19
1732,159,Grace Lopez,Manager,118180,2020-09-04
1733,75,Elizabeth Solis,Engineer,50470,2016-11-03
1734,4,Gary Lam,Director,133486,2021-06-26
1735,53,Samantha Blackwell,Manager,92315,2020-07-18
1736,178,Diane Miller,Specialist,111754,2024-11-08
1737,151,Isaac Bird,Specialist,105070,2017-05-30
1738,31,Debra Cohen,Engineer,132189,2016-08-11
1739,102,Mr. Joseph Davis,Analyst,109191,2021-03-09
1740,116,Christopher Williams,Engineer,109069,2025-12-10
1741,139,Tammy Kent,Analyst,96586,2018-07-10
1742,81,Taylor Carney MD,Manager,95836,2020-11-26
1743,173,Nicholas Kelly,Engineer,84579,2018-01-24
1744,71,Joseph Bryant,Director,60640,2016-06-18
1745,115,Travis Jones,Engineer,125278,2017-04-07
1746,154,Henry Mccann,Manager,102845,2023-11-20
1747,105,William Spence,Analyst,46478,2024-05-09
1748,48,Juan Williams,Engineer,137403,2019-09-06
1749,167,Amanda Carrillo,Manager,144908,2017-08-23
1750,181,Dana Jordan,Manager,135189,2025-09-10
1751,30,Matthew Moore,Manager,51979,2024-06-20
1752,181,Ashley Jones,Specialist,133437,2023-08-17
1753,150,Heather Rodriguez,Specialist,112656,2019-01-21
1754,34,Alexis Owen,Director,79891,2020-07-08
1755,129,Glenn Bowers,Specialist,138032,2021-08-19
1756,152,Marcus Black,Analyst,145029,2021-03-05
1757,149,Steven Barr,Manager,103031,2020-07-28
1758,61,Jared Peterson,Manager,127190,2019-12-03
1759,88,Carlos Lane,Manager,133731,2025-04-17
1760,144,Andrea Johnson,Director,52165,2024-04-30
1761,133,Patrick Houston,Analyst,91480,2017-12-04
1762,123,Blake Coffey,Engineer,58085,2024-11-26
1763,154,Shawn Martinez,Director,67884,2017-07-12
1764,69,Heather Williamson,Manager,87462,2025-08-27
1765,97,Jonathan Vega,Manager,146063,2018-11-19
1766,16,Michael Oliver,Director,54647,2017-01-13
1767,33,Jason Stephens,Engineer,134498,2025-07-23
1768,111,Jesse Wang,Engineer,83366,2017-03-03
1769,161,Curtis Martin,Specialist,46470,2016-10-29
1770,119,Luis Frost,Engineer,81191,2022-06-01
1771,141,Erin Ingram,Analyst,62578,2025-03-17
1772,115,Kelly Myers,Manager,58709,2018-02-21
1773,179,Benjamin Buck,Analyst,146865,2021-09-25
1774,98,Cody Owens,Director,88471,2023-12-26
1775,51,Rhonda Allen,Manager,131211,2025-03-29
1776,94,Michael Newton,Specialist,56392,2023-07-27
1777,76,Carlos Evans,Director,58963,2019-09-19
1778,4,Terry Gilbert,Manager,149323,2021-12-26
1779,127,Peter Stevens,Director,82830,2025-10-02
1780,140,Kenneth Watkins,Director,92833,2021-04-20
1781,74,Jason Bond,Manager,122791,2021-05-08
1782,35,Dr. Melissa Peck MD,Manager,128392,2023-03-29
1783,35,Kyle Kelly,Specialist,148587,2021-11-02
1784,83,Roger Duarte,Engineer,135992,2020-02-18
1785,34,George Kennedy,Director,65351,2020-12-04
1786,23,Adam Lam,Specialist,87177,2018-05-14
1787,178,Robert Smith,Manager,94998,2024-04-01
1788,12,Andrew Price,Specialist,144872,2021-04-02
1789,125,Kathleen Cummings,Director,108121,2021-10-15
1790,136,Thomas Dennis,Analyst,83537,2018-07-24
1791,53,Nicole Smith,Manager,131894,2019-07-17
1792,195,Russell Harris,Analyst,134052,2020-11-13
1793,171,Mr. Derek Simon,Specialist,123591,2023-07-14
1794,183,Aaron Turner,Engineer,144696,2024-08-28
1795,114,Amanda Richard,Specialist,127988,2023-10-05
1796,63,Jose Barnes,Manager,43314,2019-08-21
1797,45,Richard Donovan,Analyst,46937,2018-10-06
1798,48,Becky Liu,Engineer,53543,2019-11-06
1799,195,Colleen Allen,Specialist,118599,2022-12-03
1800,144,Matthew Brown,Director,66163,2021-12-18
1801,136,Andres Davis,Manager,67625,2023-09-26
1802,182,Brandon Goodman,Specialist,66632,2025-10-02
1803,82,Michelle Mcguire,Engineer,76104,2025-08-01
1804,90,Matthew Olson,Manager,109410,2019-12-08
1805,43,Alicia Fowler,Engineer,107122,2021-09-12
1806,34,Erika Perez,Specialist,108465,2019-07-10
1807,59,David Ramirez,Engineer,64568,2023-07-24
1808,199,Karen Evans,Engineer,68854,2018-03-01
1809,66,Juan Calderon,Director,77153,2025-01-07
1810,152,Jason Lee,Analyst,78157,2017-02-14
1811,79,Angela Fisher,Analyst,66650,2023-11-29
1812,102,Scott Meadows,Engineer,65663,2022-02-24
1813,76,Carla Cabrera,Specialist,142295,2017-05-22
1814,76,Tammy Green,Analyst,81609,2016-06-08
1815,49,Michael Fuller,Specialist,128423,2026-01-29
1816,155,Vincent Flores,Engineer,49080,2017-07-01
1817,187,Michael Phillips Jr.,Director,142233,2018-05-12
1818,26,Tracy Gray,Manager,140818,2016-05-16
1819,191,Melissa King,Engineer,122911,2021-01-25
1820,184,Ricardo Fields,Engineer,60860,2016-04-21
1821,100,Kelly Day,Director,142215,2022-04-08
1822,191,Heather Davis,Manager,117342,2023-02-03
1823,172,Aaron Green,Director,112760,2018-12-23
1824,113,Jared Fowler,Specialist,45852,2024-07-24
1825,153,Richard Thompson,Specialist,76438,2023-01-28
1826,97,Christina Green,Specialist,56226,2019-04-08
1827,59,Diane Moore,Analyst,42248,2017-06-23
1828,174,Melissa Owens,Specialist,114272,2023-07-15
1829,153,Lisa Shea,Engineer,76939,2024-11-06
1830,171,Elizabeth Lin,Specialist,145880,2025-10-31
1831,171,Destiny Torres,Analyst,96124,2023-12-30
1832,78,Mark Taylor,Manager,59987,2019-09-03
1833,108,Karen Lopez,Manager,61765,2017-11-25
1834,153,Natalie Maxwell,Engineer,60094,2020-12-26
1835,53,Reginald Long,Specialist,48119,2021-07-10
1836,39,Luke Collins,Specialist,126218,2017-01-03
1837,198,Nicholas Patrick,Specialist,149296,2023-04-22
1838,158,Kimberly Miller,Specialist,132060,2020-06-29
1839,55,Nicole Harris,Manager,89030,2023-04-29
1840,115,Amanda Larsen,Analyst,122924,2017-09-27
1841,148,Julie Levine,Analyst,73859,2023-04-24
1842,131,Ronald Houston,Analyst,117274,2017-10-01
1843,140,Jeremy Jones,Analyst,50528,2018-09-10
1844,200,Bradley Lee,Engineer,111460,2020-01-13
1845,109,Brian Shepherd,Manager,91675,2024-06-05
1846,78,Elizabeth Oconnor,Director,148408,2021-08-20
1847,30,Megan Lucas,Director,54680,2025-06-12
1848,108,Michael Flores,Director,111001,2025-05-28
1849,33,Olivia Warren,Manager,75474,2017-10-08
1850,20,Adam Brooks,Manager,71970,2023-12-30
1851,163,Timothy Jackson,Engineer,95277,2025-01-24
1852,193,Jessica Simpson,Engineer,143519,2019-12-06
1853,28,John Kelly,Manager,148918,2016-07-31
1854,82,Roberto Black,Manager,83624,2019-01-10
1855,192,Alex Garcia,Engineer,89872,2019-02-28
1856,40,Brenda Watson,Manager,63847,2024-01-22
1857,143,Kara Diaz,Engineer,72398,2020-02-16
1858,191,Larry Knight,Manager,42286,2020-07-20
1859,102,Jerry Perez,Analyst,80519,2021-07-17
1860,113,John Bray,Engineer,112584,2019-07-31
1861,22,Lawrence Munoz,Director,84338,2020-08-05
1862,174,James White,Specialist,125800,2023-11-19
1863,81,Jasmine Valdez,Engineer,118478,2018-11-04
1864,100,Stephen Nunez,Engineer,80220,2019-10-16
1865,174,Brandon Alexander,Manager,56209,2022-08-01
1866,168,Allison Thompson,Analyst,110086,2018-01-24
1867,77,Michael Jenkins,Specialist,144740,2025-04-21
1868,25,Edgar Mcdonald,Engineer,85199,2021-06-27
1869,79,William Johnson,Director,40720,2017-09-02
1870,15,Dawn Villarreal,Manager,137346,2021-05-24
1871,104,John Cooper,Analyst,83969,2017-10-16
1872,25,Sonya Webb,Director,45550,2020-11-26
1873,60,Darrell Lucero,Analyst,69767,2023-08-20
1874,147,Dana Hall,Specialist,50300,2018-11-10
1875,153,Ashley Flores,Manager,145254,2023-06-21
1876,179,Johnny Walters,Engineer,142912,2020-01-30
1877,166,Jennifer Davis,Manager,71128,2025-07-12
1878,64,Rebecca Jones,Engineer,72372,2022-04-14
1879,132,Jason Lawrence,Analyst,82960,2020-07-30
1880,37,Chelsea Hanson,Specialist,109321,2023-04-19
1881,156,Ashley Morton,Specialist,74102,2023-11-17
1882,78,Heather Valenzuela,Engineer,50657,2022-01-12
1883,99,Christopher Clarke,Specialist,131291,2017-09-16
1884,36,Samantha Zhang,Engineer,70898,2020-12-09
1885,42,Travis Koch,Director,149175,2016-09-19
1886,117,Rhonda Smith,Analyst,115963,2022-08-01
1887,176,Rita Garcia,Specialist,131597,2022-12-20
1888,91,Brian Alvarez,Engineer,56421,2020-05-14
1889,103,Kelly Adkins,Manager,131442,2020-08-09
1890,60,Theodore Robinson,Engineer,120226,2024-12-06
1891,33,Richard Lopez,Specialist,109083,2024-10-03
1892,175,Shawn Boyd,Analyst,105564,2023-02-22
1893,35,Melissa Morgan,Manager,50883,2023-06-26
1894,110,Sharon Hinton,Specialist,59541,2019-12-23
1895,82,Stacy Jenkins,Analyst,130639,2024-07-16
1896,71,Michael Reyes,Specialist,83379,2022-07-04
1897,27,Darlene Gillespie,Manager,77675,2021-05-18
1898,84,Matthew Harrison,Analyst,74544,2017-05-28
1899,13,Rhonda Garner,Specialist,56891,2024-08-24
1900,158,Richard Haas,Specialist,99412,2017-05-05
1901,43,Brittany Coleman,Specialist,57351,2019-01-21
1902,183,Michael Schultz,Specialist,136056,2017-12-11
1903,2,Wesley Johnson,Analyst,47615,2017-12-26
1904,164,Hannah Morales,Director,121147,2020-01-31
1905,131,Vincent Fernandez,Director,107120,2024-07-28
1906,181,Jacob Smith,Manager,60958,2021-06-16
1907,5,Eduardo Garrett,Analyst,77107,2017-08-15
1908,50,Pamela Smith,Analyst,116420,2020-02-06
1909,21,Sabrina Fowler,Specialist,114942,2020-08-12
1910,112,Jessica Thompson,Manager,140724,2017-03-30
1911,5,Samantha Washington,Director,145307,2018-03-05
1912,38,Robert Carlson,Manager,76062,2017-10-17
1913,50,Hannah Burke,Engineer,149091,2019-10-28
1914,23,Douglas Schmidt,Analyst,112159,2017-05-07
1915,166,Rebekah Rivera,Manager,88926,2021-10-06
1916,146,Amy Walsh,Engineer,72994,2024-04-30
1917,115,Robin Williams,Manager,88136,2024-04-25
1918,159,Rachel Reese,Engineer,116808,2025-10-25
1919,138,Steven Hughes,Engineer,92506,2023-09-01
1920,42,Lisa Garcia,Specialist,84442,2018-05-25
1921,163,Carolyn Whitney,Analyst,102482,2021-10-19
1922,195,Alexandria Sanchez,Manager,134565,2019-05-23
1923,178,Jacob Barnes,Director,141555,2016-07-24
1924,69,Denise Guzman,Specialist,132191,2016-12-21
1925,55,Charlene Manning,Specialist,57040,2023-01-07
1926,28,Laura Pearson,Engineer,99202,2018-12-24
1927,71,Larry Chandler,Director,148021,2024-08-19
1928,1,Casey Ware,Engineer,89890,2023-11-20
1929,195,Tammy Hardy,Manager,147827,2022-06-16
1930,170,Lisa James,Manager,123081,2023-03-30
1931,40,Janice Williamson,Specialist,71156,2021-07-18
1932,169,Joseph Smith,Specialist,63399,2018-03-31
1933,15,Deborah Cobb,Manager,142811,2025-05-09
1934,123,Nicole Short,Analyst,45667,2020-11-04
1935,36,Marcia Little,Manager,87317,2018-02-23
1936,136,Katherine Anderson,Specialist,61418,2018-10-30
1937,49,Donald Gonzalez,Specialist,124359,2017-11-27
1938,136,Marvin Jackson,Specialist,86094,2021-08-16
1939,159,Andrew Bradshaw,Manager,86317,2024-11-18
1940,100,Shannon Rodriguez,Manager,136139,2021-10-04
1941,54,Brenda Pope,Specialist,120800,2020-07-10
1942,35,Jennifer Choi,Analyst,133837,2016-05-03
1943,139,Kimberly Hunter,Director,104382,2023-07-30
1944,164,Natalie Ross PhD,Director,86061,2021-10-10
1945,151,Erika Saunders,Analyst,128948,2017-11-28
1946,17,Ryan Smith,Engineer,82207,2021-10-29
1947,168,Vanessa Serrano,Manager,129236,2020-08-29
1948,183,Diane Dudley,Director,76004,2022-02-02
1949,10,Julian Griffin,Specialist,56430,2020-11-19
1950,25,Mr. Tristan Clayton MD,Engineer,90451,2022-03-02
1951,15,Michaela Rivera,Analyst,135412,2018-09-09
1952,106,Kayla Cantu,Specialist,46993,2025-12-13
1953,20,Courtney Johnson,Engineer,46784,2024-11-30
1954,129,Roy Silva,Engineer,104950,2021-01-13
1955,38,Samuel Garcia,Analyst,49666,2022-06-24
1956,10,Elizabeth Giles,Director,124441,2020-06-26
1957,149,Cheyenne Scott,Analyst,109171,2024-11-27
1958,166,Joseph Rojas,Analyst,58905,2020-04-17
1959,196,Melinda Hartman,Director,102836,2026-01-12
1960,123,Amy Villegas,Director,50033,2019-10-09
1961,17,Sarah Hernandez,Analyst,149351,2023-04-02
1962,60,Heather Berry,Manager,136160,2021-12-23
1963,157,Mathew Brown,Director,106598,2016-08-28
1964,79,Michael Ali PhD,Engineer,41392,2023-09-24
1965,155,Terri Koch,Specialist,50826,2017-12-03
1966,118,Jessica Huff,Specialist,106797,2024-05-19
1967,163,William Daniels,Director,138424,2019-07-31
1968,78,Joseph Collier,Manager,89026,2017-12-01
1969,184,Karl Horn,Specialist,136305,2022-03-07
1970,161,Christopher Espinoza,Analyst,69425,2025-01-12
1971,167,Mary Jackson,Manager,118696,2019-04-01
1972,72,Derek Sanchez,Director,79618,2021-07-02
1973,53,Jorge Aguilar,Manager,132320,2022-01-09
1974,19,Lisa Vaughn,Analyst,116457,2025-06-02
1975,142,Maria Williams,Analyst,103795,2020-10-10
1976,177,Jeffrey Owens,Engineer,140789,2025-07-26
1977,4,Lisa Martin,Engineer,109417,2020-12-14
1978,149,Regina Sanchez,Analyst,106354,2020-08-15
1979,8,Darlene Bernard,Director,69654,2024-05-20
1980,150,James Villa,Specialist,110867,2025-11-07
1981,93,Michael Garner,Engineer,97116,2025-08-08
1982,110,Tina Hays,Director,68768,2016-09-12
1983,128,Kyle Reese,Engineer,119787,2025-02-12
1984,76,Lisa Odom,Analyst,52377,2025-05-11
1985,152,Tammy Gonzalez,Manager,71525,2016-03-28
1986,99,Sarah Hess,Analyst,74950,2020-11-21
1987,105,Joel Hardy,Analyst,48628,2019-04-09
1988,82,Karen Ramos,Manager,145570,2019-03-31
1989,87,Michael Levy,Analyst,104834,2022-02-26
1990,13,Michael Jones,Engineer,134649,2020-04-25
1991,127,Lisa Phillips,Director,90643,2023-11-18
1992,128,Kimberly Miller,Director,132721,2023-09-19
1993,169,Christopher Smith,Specialist,91214,2023-03-04
1994,2,Diana Kim,Specialist,107404,2017-02-16
1995,108,Kevin Hoffman,Director,47310,2020-03-01
1996,6,Alexander Gray,Analyst,127601,2024-05-11
1997,167,Ronnie Banks,Specialist,63620,2023-02-09
1998,113,Susan Ramos,Manager,57776,2020-06-18
1999,42,Tricia Shepard,Analyst,112519,2025-03-23
2000,87,David Charles,Specialist,97012,2018-08-26
